C_K,C_s_sharp,C_s_gaussian,C_s_box
1.3,0.19289642054016898,0.18889022937552752,0.17494422914902233
1.325,0.19016026516328907,0.18621090015159153,0.1724627181292753
1.35,0.1875129890067705,0.18361860424985896,0.17006181465346248
1.375,0.18495013786811587,0.18110897997544173,0.1677374790560466
1.4,0.18246755649440183,0.17867795837425754,0.1654859427988785
1.425,0.18006136361409628,0.17632173878340188,0.1633036858267163
1.45,0.17772792944962557,0.1740367668107479,0.16118741617261811
1.475,0.17546385542626017,0.17181971446525038,0.15913405155525082
1.5,0.1732659558297058,0.1696674621954832,0.15714070274354447
1.525,0.17113124119631093,0.1675770826248095,0.1552046584927149
1.55,0.16905690324687053,0.16554582579808905,0.15332337188022516
1.575,0.16704030119830432,0.16357110577764414,0.15149444789138783
1.6,0.16507894930759592,0.16165048844589391,0.14971563212254624
1.625,0.1631705055197767,0.15978168038910362,0.1479848004855499
1.65,0.16131276110682052,0.15796251875146541,0.1462999498109214
1.675,0.15950363119742977,0.1561909619615675,0.1446591892590018
1.7,0.15774114610911183,0.15446508124449115,0.1430607324587201
1.725,0.1560234434039153,0.15278305284253865,0.14150289030267443
1.75,0.15434876059791852,0.15114315087613536,0.13998406433512248
1.775,0.1527154284622049,0.14954374078393448,0.13850274067641183
1.8,0.15112186485977547,0.14798327328772864,0.13705748443346927
1.825,0.1495665690687567,0.14646027883355653,0.13564693455132754
1.85,0.14804811654746783,0.14497336246549275,0.13426979906538966
