chi,E_heisenberg_scaled,E_pao_scaled
1.000000e-02,3.231652e-07,3.230717e-07
1.027320e-02,3.089691e-07,3.088748e-07
1.055386e-02,2.953966e-07,2.953015e-07
1.084219e-02,2.824204e-07,2.823244e-07
1.113840e-02,2.700142e-07,2.699173e-07
1.144270e-02,2.581530e-07,2.580552e-07
1.175531e-02,2.468128e-07,2.467141e-07
1.207646e-02,2.359707e-07,2.358712e-07
1.240639e-02,2.256050e-07,2.255045e-07
1.274533e-02,2.156945e-07,2.155932e-07
1.309353e-02,2.062195e-07,2.061172e-07
1.345125e-02,1.971606e-07,1.970575e-07
1.381873e-02,1.884997e-07,1.883956e-07
1.419626e-02,1.802192e-07,1.801142e-07
1.458410e-02,1.723025e-07,1.721966e-07
1.498253e-02,1.647336e-07,1.646267e-07
1.539186e-02,1.574971e-07,1.573893e-07
1.581236e-02,1.505785e-07,1.504697e-07
1.624435e-02,1.439639e-07,1.438541e-07
1.668814e-02,1.376398e-07,1.375290e-07
1.714406e-02,1.315935e-07,1.314818e-07
1.761243e-02,1.258128e-07,1.257001e-07
1.809360e-02,1.202861e-07,1.201723e-07
1.858792e-02,1.150021e-07,1.148874e-07
1.909574e-02,1.099503e-07,1.098345e-07
1.961743e-02,1.051203e-07,1.050035e-07
2.015338e-02,1.005026e-07,1.003847e-07
2.070396e-02,9.608764e-08,9.596875e-08
2.126959e-02,9.186666e-08,9.174671e-08
2.185068e-02,8.783109e-08,8.771009e-08
2.244763e-02,8.397280e-08,8.385072e-08
2.306090e-02,8.028399e-08,8.016084e-08
2.369092e-02,7.675723e-08,7.663298e-08
2.433815e-02,7.338538e-08,7.326005e-08
2.500307e-02,7.016166e-08,7.003521e-08
2.568615e-02,6.707954e-08,6.695198e-08
2.638789e-02,6.413281e-08,6.400414e-08
2.710880e-02,6.131552e-08,6.118572e-08
2.784941e-02,5.862199e-08,5.849105e-08
2.861026e-02,5.604677e-08,5.591469e-08
2.939188e-02,5.358468e-08,5.345145e-08
3.019487e-02,5.123074e-08,5.109635e-08
3.101979e-02,4.898019e-08,4.884464e-08
3.186724e-02,4.682851e-08,4.669178e-08
3.273785e-02,4.477134e-08,4.463343e-08
3.363224e-02,4.280453e-08,4.266543e-08
3.455107e-02,4.092411e-08,4.078382e-08
3.549500e-02,3.912630e-08,3.898480e-08
3.646472e-02,3.740745e-08,3.726474e-08
3.746093e-02,3.576410e-08,3.562017e-08
3.848436e-02,3.419293e-08,3.404778e-08
3.953575e-02,3.269077e-08,3.254440e-08
4.061586e-02,3.125460e-08,3.110698e-08
4.172548e-02,2.988150e-08,2.973265e-08
4.286541e-02,2.856871e-08,2.841861e-08
4.403649e-02,2.731358e-08,2.716223e-08
4.523956e-02,2.611357e-08,2.596097e-08
4.647550e-02,2.496627e-08,2.481241e-08
4.774521e-02,2.386936e-08,2.371423e-08
4.904960e-02,2.282061e-08,2.266422e-08
5.038963e-02,2.181793e-08,2.166027e-08
5.176626e-02,2.085927e-08,2.070034e-08
5.318051e-02,1.994272e-08,1.978251e-08
5.463340e-02,1.906641e-08,1.890493e-08
5.612597e-02,1.822857e-08,1.806582e-08
5.765933e-02,1.742753e-08,1.726350e-08
5.923457e-02,1.666165e-08,1.649635e-08
6.085285e-02,1.592939e-08,1.576283e-08
6.251534e-02,1.522928e-08,1.506145e-08
6.422325e-02,1.455991e-08,1.439081e-08
6.597782e-02,1.391991e-08,1.374955e-08
6.778033e-02,1.330799e-08,1.313639e-08
6.963208e-02,1.272293e-08,1.255008e-08
7.153442e-02,1.216354e-08,1.198946e-08
7.348873e-02,1.162870e-08,1.145338e-08
7.549643e-02,1.111731e-08,1.094078e-08
7.755898e-02,1.062835e-08,1.045061e-08
7.967788e-02,1.016083e-08,9.981906e-09
8.185467e-02,9.713806e-09,9.533710e-09
8.409093e-02,9.286376e-09,9.105125e-09
8.638828e-02,8.877676e-09,8.695290e-09
8.874840e-02,8.486879e-09,8.303381e-09
9.117299e-02,8.113196e-09,7.928609e-09
9.366383e-02,7.755873e-09,7.570224e-09
9.622271e-02,7.414186e-09,7.227505e-09
9.885150e-02,7.087444e-09,6.899764e-09
1.015521e-01,6.774989e-09,6.586343e-09
1.043265e-01,6.476187e-09,6.286613e-09
1.071767e-01,6.190433e-09,5.999974e-09
1.101047e-01,5.917151e-09,5.725851e-09
1.131128e-01,5.655787e-09,5.463695e-09
1.162030e-01,5.405811e-09,5.212980e-09
1.193777e-01,5.166718e-09,4.973205e-09
1.226390e-01,4.938024e-09,4.743889e-09
1.259895e-01,4.719264e-09,4.524575e-09
1.294315e-01,4.509997e-09,4.314823e-09
1.329676e-01,4.309796e-09,4.114216e-09
1.366003e-01,4.118257e-09,3.922351e-09
1.403322e-01,3.934990e-09,3.738847e-09
1.441660e-01,3.759623e-09,3.563337e-09
1.481046e-01,3.591800e-09,3.395473e-09
1.521508e-01,3.431179e-09,3.234919e-09
1.563075e-01,3.277435e-09,3.081357e-09
1.605778e-01,3.130254e-09,2.934481e-09
1.649648e-01,2.989337e-09,2.793999e-09
1.694716e-01,2.854396e-09,2.659634e-09
1.741016e-01,2.725157e-09,2.531119e-09
1.788580e-01,2.601355e-09,2.408199e-09
1.837444e-01,2.482739e-09,2.290633e-09
1.887642e-01,2.369067e-09,2.178187e-09
1.939213e-01,2.260107e-09,2.070639e-09
1.992192e-01,2.155636e-09,1.967780e-09
2.046618e-01,2.055442e-09,1.869405e-09
2.102531e-01,1.959321e-09,1.775323e-09
2.159972e-01,1.867078e-09,1.685348e-09
2.218982e-01,1.778526e-09,1.599306e-09
2.279605e-01,1.693487e-09,1.517028e-09
2.341883e-01,1.611791e-09,1.438353e-09
2.405863e-01,1.533273e-09,1.363130e-09
2.471591e-01,1.457780e-09,1.291211e-09
2.539114e-01,1.385163e-09,1.222459e-09
2.608483e-01,1.315283e-09,1.156739e-09
2.679746e-01,1.248007e-09,1.093927e-09
2.752956e-01,1.183210e-09,1.033900e-09
2.828167e-01,1.120775e-09,9.765438e-10
2.905432e-01,1.060593e-09,9.217491e-10
2.984808e-01,1.002562e-09,8.694113e-10
3.066352e-01,9.465896e-10,8.194308e-10
3.150125e-01,8.925911e-10,7.717127e-10
3.236186e-01,8.404903e-10,7.261669e-10
3.324598e-01,7.902201e-10,6.827072e-10
3.415425e-01,7.417225e-10,6.412519e-10
3.508734e-01,6.949484e-10,6.017229e-10
3.604593e-01,6.498579e-10,5.640461e-10
3.703070e-01,6.064201e-10,5.281506e-10
3.804237e-01,5.646128e-10,4.939693e-10
3.908168e-01,5.244222e-10,4.614379e-10
4.014939e-01,4.858420e-10,4.304952e-10
4.124626e-01,4.488724e-10,4.010832e-10
4.237311e-01,4.135194e-10,3.731461e-10
4.353073e-01,3.797929e-10,3.466308e-10
4.471999e-01,3.477054e-10,3.214867e-10
4.594173e-01,3.172701e-10,2.976652e-10
4.719685e-01,2.884989e-10,2.751198e-10
4.848626e-01,2.614009e-10,2.538058e-10
4.981090e-01,2.359798e-10,2.336804e-10
5.117173e-01,2.122329e-10,2.147021e-10
5.256973e-01,1.901489e-10,1.968310e-10
5.400593e-01,1.697076e-10,1.800283e-10
5.548137e-01,1.508785e-10,1.642564e-10
5.699711e-01,1.336207e-10,1.494785e-10
5.855426e-01,1.178834e-10,1.356589e-10
6.015396e-01,1.036060e-10,1.227623e-10
6.179736e-01,9.071945e-11,1.107540e-10
6.348565e-01,7.914761e-11,9.959970e-11
6.522007e-01,6.880862e-11,8.926558e-11
6.700188e-01,5.961668e-11,7.971786e-11
6.883236e-01,5.148378e-11,7.092294e-11
7.071285e-01,4.432136e-11,6.284729e-11
7.264471e-01,3.804182e-11,5.545735e-11
7.462936e-01,3.255990e-11,4.871954e-11
7.666822e-01,2.779378e-11,4.260025e-11
7.876279e-01,2.366599e-11,3.706577e-11
8.091457e-01,2.010406e-11,3.208241e-11
8.312515e-01,1.704092e-11,2.761649e-11
8.539612e-01,1.441514e-11,2.363442e-11
8.772913e-01,1.217100e-11,2.010281e-11
9.012588e-01,1.025832e-11,1.698853e-11
9.258810e-01,8.632346e-12,1.425893e-11
9.511760e-01,7.253362e-12,1.188188e-11
9.771620e-01,6.086404e-12,9.826018e-12
1.003858e+00,5.100851e-12,8.060846e-12
1.031283e+00,4.270034e-12,6.556939e-12
1.059458e+00,3.570836e-12,5.286099e-12
1.088402e+00,2.983309e-12,4.221509e-12
1.118137e+00,2.490310e-12,3.337884e-12
1.148684e+00,2.077158e-12,2.611597e-12
1.180066e+00,1.731322e-12,2.020782e-12
1.212305e+00,1.442138e-12,1.545411e-12
1.245425e+00,1.200558e-12,1.167342e-12
1.279450e+00,9.989202e-13,8.703299e-13
1.314405e+00,8.307521e-13,6.400116e-13
1.350314e+00,6.905977e-13,4.638511e-13
1.387204e+00,5.738652e-13,3.310597e-13
1.425103e+00,4.766969e-13,2.324889e-13
1.464036e+00,3.958560e-13,1.605006e-13
1.504034e+00,3.286308e-13,1.088224e-13
1.545124e+00,2.727518e-13,7.239256e-14
1.587336e+00,2.263217e-13,4.720037e-14
1.630702e+00,1.877562e-13,3.012933e-14
1.675252e+00,1.557330e-13,1.880686e-14
1.721020e+00,1.291498e-13,1.146536e-14
1.768038e+00,1.070879e-13,6.817661e-15
1.816341e+00,8.878261e-14,3.948755e-15
1.865963e+00,7.359730e-14,2.224484e-15
1.916941e+00,6.100251e-14,1.216957e-15
1.969311e+00,5.055805e-14,6.454949e-16
2.023113e+00,4.189808e-14,3.313895e-16
2.078384e+00,3.471866e-14,1.643720e-16
2.135165e+00,2.876738e-14,7.861982e-17
2.193497e+00,2.383469e-14,3.618901e-17
2.253423e+00,1.974665e-14,1.599703e-17
2.314987e+00,1.635891e-14,6.775574e-18
2.378232e+00,1.355174e-14,2.743274e-18
2.443205e+00,1.122580e-14,1.059068e-18
2.509953e+00,9.298713e-15,3.888353e-19
2.578524e+00,7.702180e-15,1.353899e-19
2.648969e+00,6.379567e-15,4.457699e-20
2.721339e+00,5.283926e-15,1.383545e-20
2.795685e+00,4.376345e-15,4.034722e-21
2.872063e+00,3.624572e-15,1.101725e-21
2.950527e+00,3.001879e-15,2.806659e-22
3.031136e+00,2.486118e-15,6.644985e-23
3.113946e+00,2.058939e-15,1.456210e-23
3.199018e+00,1.705136e-15,2.941170e-24
3.286415e+00,1.412111e-15,5.450293e-25
3.376199e+00,1.169428e-15,9.222571e-26
3.468437e+00,9.684419e-16,1.417851e-26
3.563194e+00,8.019913e-16,1.969919e-27
3.660540e+00,6.641437e-16,2.459637e-28
3.760545e+00,5.499854e-16,2.743648e-29
3.863283e+00,4.554465e-16,2.717120e-30
3.968827e+00,3.771559e-16,2.373285e-31
4.077255e+00,3.123216e-16,1.815645e-32
4.188645e+00,2.586313e-16,1.207714e-33
4.303078e+00,2.141697e-16,6.930821e-35
4.420638e+00,1.773509e-16,3.403625e-36
4.541409e+00,1.468613e-16,1.418037e-37
4.665480e+00,1.216129e-16,4.966690e-39
4.792940e+00,1.007049e-16,1.448458e-40
4.923883e+00,8.339132e-17,3.481760e-42
5.058402e+00,6.905417e-17,6.824898e-44
5.196597e+00,5.718183e-17,1.078676e-45
5.338568e+00,4.735059e-17,1.358329e-47
5.484417e+00,3.920956e-17,1.345773e-49
5.634250e+00,3.246818e-17,1.035199e-51
5.788177e+00,2.688582e-17,6.096396e-54
5.946309e+00,2.226323e-17,2.708287e-56
6.108762e+00,1.843539e-17,8.935268e-59
6.275652e+00,1.526569e-17,2.153554e-61
6.447102e+00,1.264096e-17,3.726371e-64
6.623236e+00,1.046750e-17,4.544938e-67
6.804182e+00,8.667743e-18,3.832381e-70
6.990071e+00,7.177425e-18,2.188919e-73
7.181039e+00,5.943346e-18,8.287834e-77
7.377224e+00,4.921451e-18,2.033355e-80
7.578769e+00,4.075258e-18,3.155802e-84
7.785820e+00,3.374558e-18,3.020753e-88
7.998527e+00,2.794335e-18,1.736220e-92
8.217046e+00,2.313876e-18,5.825185e-97
8.441535e+00,1.916026e-18,1.107341e-101
8.672156e+00,1.586582e-18,1.155724e-106
8.909078e+00,1.313783e-18,6.406278e-112
9.152473e+00,1.087889e-18,1.821020e-117
9.402517e+00,9.008358e-19,2.558096e-123
9.659393e+00,7.459445e-19,1.707882e-129
9.923286e+00,6.176854e-19,5.200499e-136
1.019439e+01,5.114793e-19,6.915028e-143
1.047290e+01,4.235344e-19,3.835082e-150
1.075902e+01,3.507110e-19,8.451880e-158
1.105295e+01,2.904089e-19,7.032845e-166
1.135492e+01,2.404753e-19,2.093531e-174
1.166513e+01,1.991274e-19,2.106068e-183
1.198382e+01,1.648889e-19,6.742405e-193
1.231122e+01,1.365375e-19,6.447118e-203
1.264756e+01,1.130609e-19,1.722101e-213
1.299309e+01,9.362089e-20,1.197342e-224
1.334806e+01,7.752346e-20,2.011263e-236
1.371272e+01,6.419387e-20,7.544709e-249
1.408735e+01,5.315619e-20,5.816727e-262
1.447222e+01,4.401637e-20,8.443440e-276
1.486760e+01,3.644807e-20,2.103774e-290
1.527378e+01,3.018108e-20,8.160694e-306
1.569106e+01,2.499166e-20,4.446591e-322
1.611973e+01,2.069452e-20,0.000000e+00
1.656012e+01,1.713625e-20,0.000000e+00
1.701254e+01,1.418979e-20,0.000000e+00
1.747732e+01,1.174996e-20,0.000000e+00
1.795480e+01,9.729634e-21,0.000000e+00
1.844532e+01,8.056691e-21,0.000000e+00
1.894925e+01,6.671400e-21,0.000000e+00
1.946694e+01,5.524300e-21,0.000000e+00
1.999877e+01,4.574435e-21,0.000000e+00
2.054514e+01,3.787893e-21,0.000000e+00
2.110643e+01,3.136591e-21,0.000000e+00
2.168305e+01,2.597276e-21,0.000000e+00
2.227543e+01,2.150693e-21,0.000000e+00
2.288399e+01,1.780896e-21,0.000000e+00
2.350918e+01,1.474683e-21,0.000000e+00
2.415145e+01,1.221122e-21,0.000000e+00
2.481126e+01,1.011159e-21,0.000000e+00
2.548910e+01,8.372969e-22,0.000000e+00
2.618546e+01,6.933295e-22,0.000000e+00
2.690084e+01,5.741163e-22,0.000000e+00
2.763577e+01,4.754010e-22,0.000000e+00
2.839078e+01,3.936591e-22,0.000000e+00
2.916641e+01,3.259722e-22,0.000000e+00
2.996323e+01,2.699235e-22,0.000000e+00
3.078182e+01,2.235120e-22,0.000000e+00
3.162278e+01,1.850807e-22,0.000000e+00
