realization,filter,Delta_over_dx,Delta_over_eta,strain2_measured,strain2_quadrature,strain2_rel_err,C_s_implied
0,gaussian,2.0,3.1415926535897922,48.7855059827766,42.46227478853562,0.14891409435153913,0.352683785316811
0,gaussian,4.0,6.2831853071795845,34.366475729244776,30.065768340608145,0.14304332222329763,0.22933606669359463
0,gaussian,8.0,12.566370614359169,17.688082217643533,15.629916433480075,0.1316811764747995,0.18870484512313618
0,gaussian,16.0,25.132741228718338,7.250805701575266,6.488109096850814,0.11755298706284827,0.18417213216096612
0,gaussian,32.0,50.265482457436676,2.4029907598218396,2.2763645537328703,0.05562650581662011,0.21082375550438265
0,sharp,4.0,6.2831853071795845,39.03171623035815,35.39776252144394,0.1026605482963158,0.2084540667315043
0,sharp,16.0,25.132741228718338,7.111147058612452,7.9572013875067285,0.10632561470954242,0.18687829867978234
0,sharp,32.0,50.265482457436676,2.781748340286007,2.1941939458874207,0.2677768733706698,0.18890577844629183
1,gaussian,2.0,3.1415926535897922,65.85176814056257,60.828957475175656,0.08257269027562615,0.33707891067333856
1,gaussian,4.0,6.2831853071795845,46.644555303353826,43.070451429114456,0.08298273539393118,0.21828628447340995
1,gaussian,8.0,12.566370614359169,24.332326310774466,22.390499020777895,0.08672550299993749,0.17781133668288357
1,gaussian,16.0,25.132741228718338,10.066381949842112,9.294483498872607,0.08304909584950411,0.17235033084484308
1,gaussian,32.0,50.265482457436676,3.2370685933101133,3.2609859770018543,0.007334402496796573,0.20180097154704485
1,sharp,4.0,6.2831853071795845,52.854260592036006,50.708752695336614,0.04231040565304029,0.19875458918609784
1,sharp,16.0,25.132741228718338,10.518593489288518,11.399018710903785,0.07723693099767372,0.16676270136235724
1,sharp,32.0,50.265482457436676,3.5379133363063624,3.1432731970052035,0.1255506965405227,0.18878904372367444
2,gaussian,2.0,3.1415926535897922,49.08270182256578,40.52046322736082,0.21130653287851456,0.3429594945114679
2,gaussian,4.0,6.2831853071795845,34.879632350348736,28.69085244526005,0.21570568239115256,0.22155433733144392
2,gaussian,8.0,12.566370614359169,18.340848183754062,14.915156035412046,0.22967859941985364,0.17939677141703644
2,gaussian,16.0,25.132741228718338,7.659910325443925,6.1914060747642585,0.2371842894726592,0.17265590059095393
2,gaussian,32.0,50.265482457436676,2.3454567855214203,2.1722657735827213,0.07972827912905649,0.20972423398826312
2,sharp,4.0,6.2831853071795845,39.415493312858246,33.779013058628585,0.16686337888104358,0.20214311585514108
2,sharp,16.0,25.132741228718338,8.530782054829203,7.593316368962493,0.12345932137090708,0.1592603090477961
2,sharp,32.0,50.265482457436676,3.1516084848029897,2.09385285034314,0.5051719056028723,0.16804283421320776
3,gaussian,2.0,3.1415926535897922,49.10401246839227,43.03135864514766,0.1411215916588164,0.3533106824035203
3,gaussian,4.0,6.2831853071795845,34.746042895117036,30.46871291869506,0.14038433418030863,0.22897364377864474
3,gaussian,8.0,12.566370614359169,18.12049623001937,15.839390211481486,0.14401476244233063,0.18655502358595172
3,gaussian,16.0,25.132741228718338,7.642271543420492,6.575063414897675,0.1623114578795929,0.17823281606352662
3,gaussian,32.0,50.265482457436676,2.537727387808541,2.306872630036946,0.10007260685558433,0.20372334431213382
3,sharp,4.0,6.2831853071795845,39.29895664761005,35.872167044316534,0.09552781127106295,0.20877512080525346
3,sharp,16.0,25.132741228718338,8.344951215030916,8.063844634388634,0.03486011863912782,0.1668540167341273
3,sharp,32.0,50.265482457436676,3.373278120607614,2.223600763093962,0.5170340722108623,0.16456421780974098
