t,E_A,Omega_A,omega_inf_A,I_BKM_A,E_B,Omega_B,omega_inf_B,I_BKM_B,eps_A
0.0000,2.50000000e-01,7.50000000e-01,1.98719019e+00,0.00000000e+00,2.49351431e-01,7.48054293e-01,1.98331997e+00,0.00000000e+00,7.50000000e-03
0.0200,2.49700176e-01,7.49131691e-01,1.98580334e+00,3.97299353e-02,2.49052449e-01,7.47188650e-01,1.98357380e+00,3.96689377e-02,7.49131691e-03
0.0400,2.49400686e-01,7.48326376e-01,1.98402917e+00,7.94282604e-02,2.48753929e-01,7.46386660e-01,1.98343833e+00,7.93390590e-02,7.48326376e-03
0.0600,2.49101506e-01,7.47583492e-01,1.98187058e+00,1.19087258e-01,2.48455845e-01,7.45647753e-01,1.98291533e+00,1.19002596e-01,7.47583492e-03
0.0800,2.48802611e-01,7.46902502e-01,1.97933075e+00,1.58699271e-01,2.48158171e-01,7.44971384e-01,1.98200684e+00,1.58651817e-01,7.46902502e-03
0.1000,2.48503976e-01,7.46282891e-01,1.97641319e+00,1.98256711e-01,2.47860882e-01,7.44357032e-01,1.98071524e+00,1.98279038e-01,7.46282891e-03
0.1200,2.48205577e-01,7.45724171e-01,1.97312166e+00,2.37752059e-01,2.47563950e-01,7.43804195e-01,1.97904320e+00,2.37876622e-01,7.45724171e-03
0.1400,2.47907389e-01,7.45225874e-01,1.96946025e+00,2.77177878e-01,2.47267352e-01,7.43312396e-01,1.97699370e+00,2.77436991e-01,7.45225874e-03
0.1600,2.47609388e-01,7.44787555e-01,1.96543328e+00,3.16526813e-01,2.46971061e-01,7.42881177e-01,1.97457001e+00,3.16952628e-01,7.44787555e-03
0.1800,2.47311551e-01,7.44408789e-01,1.96104536e+00,3.55791600e-01,2.46675053e-01,7.42510102e-01,1.97177568e+00,3.56416085e-01,7.44408789e-03
0.2000,2.47013854e-01,7.44089174e-01,1.95630137e+00,3.94965067e-01,2.46379301e-01,7.42198754e-01,1.96861455e+00,3.95819988e-01,7.44089174e-03
0.2200,2.46716273e-01,7.43828328e-01,1.95120640e+00,4.34040145e-01,2.46083781e-01,7.41946733e-01,1.96509070e+00,4.35157040e-01,7.43828328e-03
0.2400,2.46418786e-01,7.43625886e-01,1.94576581e+00,4.73009867e-01,2.45788467e-01,7.41753662e-01,1.96120852e+00,4.74420032e-01,7.43625886e-03
0.2600,2.46121368e-01,7.43481504e-01,1.93998518e+00,5.11867377e-01,2.45493336e-01,7.41619177e-01,1.95697260e+00,5.13601843e-01,7.43481504e-03
0.2800,2.45823997e-01,7.43394854e-01,1.93387030e+00,5.50605932e-01,2.45198362e-01,7.41542934e-01,1.95238781e+00,5.52695447e-01,7.43394854e-03
0.3000,2.45526650e-01,7.43365628e-01,1.92742718e+00,5.89218907e-01,2.44903519e-01,7.41524606e-01,1.94745925e+00,5.91693918e-01,7.43365628e-03
0.3200,2.45229305e-01,7.43393533e-01,1.92066202e+00,6.27699798e-01,2.44608785e-01,7.41563880e-01,1.94219222e+00,6.30590433e-01,7.43393533e-03
0.3400,2.44931939e-01,7.43478292e-01,1.91358120e+00,6.66042231e-01,2.44314134e-01,7.41660459e-01,1.93659228e+00,6.69378278e-01,7.43478292e-03
0.3600,2.44634530e-01,7.43619643e-01,1.90619129e+00,7.04239956e-01,2.44019542e-01,7.41814062e-01,1.93066515e+00,7.08050852e-01,7.43619643e-03
0.3800,2.44337055e-01,7.43817340e-01,1.89849902e+00,7.42286859e-01,2.43724985e-01,7.42024419e-01,1.92441677e+00,7.46601671e-01,7.43817340e-03
0.4000,2.44039493e-01,7.44071149e-01,1.89051127e+00,7.80176962e-01,2.43430438e-01,7.42291275e-01,1.91785326e+00,7.85024371e-01,7.44071149e-03
0.4200,2.43741822e-01,7.44380850e-01,1.88223506e+00,8.17904425e-01,2.43135877e-01,7.42614389e-01,1.91098092e+00,8.23312713e-01,7.44380850e-03
0.4400,2.43444019e-01,7.44746235e-01,1.87367754e+00,8.55463551e-01,2.42841280e-01,7.42993530e-01,1.90380619e+00,8.61460584e-01,7.44746235e-03
0.4600,2.43146065e-01,7.45167110e-01,1.86484600e+00,8.92848786e-01,2.42546621e-01,7.43428478e-01,1.89633570e+00,8.99462003e-01,7.45167110e-03
0.4800,2.42847936e-01,7.45643287e-01,1.85574781e+00,9.30054724e-01,2.42251876e-01,7.43919024e-01,1.88857619e+00,9.37311122e-01,7.45643287e-03
0.5000,2.42549613e-01,7.46174593e-01,1.84639046e+00,9.67076107e-01,2.41957024e-01,7.44464969e-01,1.88053455e+00,9.75002230e-01,7.46174593e-03
0.5200,2.42251072e-01,7.46760861e-01,1.83678151e+00,1.00390783e+00,2.41662039e-01,7.45066123e-01,1.87221779e+00,1.01252975e+00,7.46760861e-03
0.5400,2.41952295e-01,7.47401934e-01,1.82692862e+00,1.04054493e+00,2.41366898e-01,7.45722304e-01,1.86363302e+00,1.04988826e+00,7.47401934e-03
0.5600,2.41653259e-01,7.48097663e-01,1.81683949e+00,1.07698261e+00,2.41071579e-01,7.46433337e-01,1.85478745e+00,1.08707247e+00,7.48097663e-03
0.5800,2.41353943e-01,7.48847905e-01,1.80652189e+00,1.11321622e+00,2.40776057e-01,7.47199055e-01,1.84568840e+00,1.12407722e+00,7.48847905e-03
0.6000,2.41054328e-01,7.49652523e-01,1.79598363e+00,1.14924128e+00,2.40480309e-01,7.48019296e-01,1.83634324e+00,1.16089754e+00,7.49652523e-03
0.6200,2.40754392e-01,7.50511386e-01,1.78523256e+00,1.18505344e+00,2.40184313e-01,7.48893904e-01,1.82675943e+00,1.19752857e+00,7.50511386e-03
0.6400,2.40454115e-01,7.51424367e-01,1.77427654e+00,1.22064853e+00,2.39888045e-01,7.49822726e-01,1.81694447e+00,1.23396561e+00,7.51424367e-03
0.6600,2.40153475e-01,7.52391344e-01,1.76312345e+00,1.25602253e+00,2.39591482e-01,7.50805614e-01,1.80690592e+00,1.27020411e+00,7.52391344e-03
0.6800,2.39852454e-01,7.53412196e-01,1.75178119e+00,1.29117158e+00,2.39294602e-01,7.51842422e-01,1.79665139e+00,1.30623968e+00,7.53412196e-03
0.7000,2.39551030e-01,7.54486805e-01,1.74025763e+00,1.32609197e+00,2.38997380e-01,7.52933007e-01,1.78618848e+00,1.34206808e+00,7.54486805e-03
0.7200,2.39249182e-01,7.55615053e-01,1.72856065e+00,1.36078015e+00,2.38699796e-01,7.54077227e-01,1.77552485e+00,1.37768522e+00,7.55615053e-03
0.7400,2.38946891e-01,7.56796825e-01,1.71669809e+00,1.39523274e+00,2.38401824e-01,7.55274940e-01,1.76466815e+00,1.41308715e+00,7.56796825e-03
0.7600,2.38644137e-01,7.58032004e-01,1.70467777e+00,1.42944649e+00,2.38103444e-01,7.56526003e-01,1.75362602e+00,1.44827009e+00,7.58032004e-03
0.7800,2.38340898e-01,7.59320470e-01,1.69250747e+00,1.46341835e+00,2.37804631e-01,7.57830275e-01,1.74240612e+00,1.48323041e+00,7.59320470e-03
0.8000,2.38037155e-01,7.60662104e-01,1.68019491e+00,1.49714537e+00,2.37505364e-01,7.59187610e-01,1.73101607e+00,1.51796463e+00,7.60662104e-03
0.8200,2.37732887e-01,7.62056784e-01,1.66774777e+00,1.53062480e+00,2.37205619e-01,7.60597860e-01,1.71946347e+00,1.55246943e+00,7.62056784e-03
0.8400,2.37428074e-01,7.63504381e-01,1.65517366e+00,1.56385401e+00,2.36905374e-01,7.62060876e-01,1.70775589e+00,1.58674162e+00,7.63504381e-03
0.8600,2.37122697e-01,7.65004766e-01,1.64248012e+00,1.59683055e+00,2.36604606e-01,7.63576502e-01,1.69590086e+00,1.62077819e+00,7.65004766e-03
0.8800,2.36816734e-01,7.66557802e-01,1.62967462e+00,1.62955210e+00,2.36303292e-01,7.65144579e-01,1.68390584e+00,1.65457625e+00,7.66557802e-03
0.9000,2.36510165e-01,7.68163348e-01,1.61676453e+00,1.66201649e+00,2.36001409e-01,7.66764942e-01,1.67177828e+00,1.68813310e+00,7.68163348e-03
0.9200,2.36202970e-01,7.69821254e-01,1.60375717e+00,1.69422171e+00,2.35698936e-01,7.68437419e-01,1.65952552e+00,1.72144613e+00,7.69821254e-03
0.9400,2.35895129e-01,7.71531366e-01,1.59065971e+00,1.72616587e+00,2.35395848e-01,7.70161832e-01,1.64715485e+00,1.75451294e+00,7.71531366e-03
0.9600,2.35586621e-01,7.73293518e-01,1.57747927e+00,1.75784726e+00,2.35092124e-01,7.71937994e-01,1.63467349e+00,1.78733122e+00,7.73293518e-03
0.9800,2.35277427e-01,7.75107539e-01,1.56422284e+00,1.78926428e+00,2.34787741e-01,7.73765713e-01,1.62208857e+00,1.81989884e+00,7.75107539e-03
1.0000,2.34967525e-01,7.76973246e-01,1.55089729e+00,1.82041549e+00,2.34482676e-01,7.75644783e-01,1.60940713e+00,1.85221380e+00,7.76973246e-03
1.0200,2.34656895e-01,7.78890446e-01,1.53750941e+00,1.85129955e+00,2.34176907e-01,7.77574992e-01,1.59663612e+00,1.88427423e+00,7.78890446e-03
1.0400,2.34345518e-01,7.80858937e-01,1.52406583e+00,1.88191531e+00,2.33870410e-01,7.79556117e-01,1.58378239e+00,1.91607842e+00,7.80858937e-03
1.0600,2.34033372e-01,7.82878505e-01,1.51057308e+00,1.91226169e+00,2.33563163e-01,7.81587922e-01,1.57085269e+00,1.94762477e+00,7.82878505e-03
1.0800,2.33720436e-01,7.84948921e-01,1.49703757e+00,1.94233780e+00,2.33255143e-01,7.83670163e-01,1.55785365e+00,1.97891183e+00,7.84948921e-03
1.1000,2.33406692e-01,7.87069948e-01,1.48346554e+00,1.97214283e+00,2.32946328e-01,7.85802580e-01,1.54479180e+00,2.00993828e+00,7.87069948e-03
1.1200,2.33092118e-01,7.89241331e-01,1.46986315e+00,2.00167612e+00,2.32636696e-01,7.87984902e-01,1.53167354e+00,2.04070294e+00,7.89241331e-03
1.1400,2.32776693e-01,7.91462806e-01,1.45623638e+00,2.03093711e+00,2.32326223e-01,7.90216845e-01,1.51850516e+00,2.07120473e+00,7.91462806e-03
1.1600,2.32460398e-01,7.93734089e-01,1.44259109e+00,2.05992539e+00,2.32014888e-01,7.92498110e-01,1.50529282e+00,2.10144270e+00,7.93734089e-03
1.1800,2.32143212e-01,7.96054886e-01,1.42893299e+00,2.08864063e+00,2.31702667e-01,7.94828385e-01,1.49204254e+00,2.13141606e+00,7.96054886e-03
1.2000,2.31825115e-01,7.98424884e-01,1.41526765e+00,2.11708264e+00,2.31389538e-01,7.97207340e-01,1.47876024e+00,2.16112409e+00,7.98424884e-03
1.2200,2.31506086e-01,8.00843755e-01,1.40160048e+00,2.14525132e+00,2.31075479e-01,7.99634633e-01,1.46545167e+00,2.19056621e+00,8.00843755e-03
1.2400,2.31186104e-01,8.03311155e-01,1.38793677e+00,2.17314669e+00,2.30760468e-01,8.02109903e-01,1.45212246e+00,2.21974195e+00,8.03311155e-03
1.2600,2.30865151e-01,8.05826721e-01,1.37428163e+00,2.20076887e+00,2.30444483e-01,8.04632774e-01,1.43877810e+00,2.24865095e+00,8.05826721e-03
1.2800,2.30543206e-01,8.08390075e-01,1.36064004e+00,2.22811809e+00,2.30127501e-01,8.07202852e-01,1.42542392e+00,2.27729297e+00,8.08390075e-03
1.3000,2.30220247e-01,8.11000818e-01,1.34701680e+00,2.25519466e+00,2.29809501e-01,8.09819726e-01,1.41206513e+00,2.30566786e+00,8.11000818e-03
1.3200,2.29896257e-01,8.13658534e-01,1.33365936e+00,2.28200142e+00,2.29490461e-01,8.12482968e-01,1.39870678e+00,2.33377558e+00,8.13658534e-03
1.3400,2.29571214e-01,8.16362789e-01,1.32092508e+00,2.30854727e+00,2.29170359e-01,8.15192130e-01,1.38581540e+00,2.36162080e+00,8.16362789e-03
1.3600,2.29245099e-01,8.19113127e-01,1.30822732e+00,2.33483879e+00,2.28849174e-01,8.17946745e-01,1.37329001e+00,2.38921186e+00,8.19113127e-03
1.3800,2.28917892e-01,8.21909075e-01,1.29624159e+00,2.36088348e+00,2.28526884e-01,8.20746328e-01,1.36078326e+00,2.41655259e+00,8.21909075e-03
1.4000,2.28589574e-01,8.24750137e-01,1.28578775e+00,2.38670377e+00,2.28203468e-01,8.23590375e-01,1.34956449e+00,2.44365607e+00,8.24750137e-03
1.4200,2.28260126e-01,8.27635800e-01,1.27804257e+00,2.41234208e+00,2.27878906e-01,8.26478361e-01,1.33860933e+00,2.47053781e+00,8.27635800e-03
1.4400,2.27929528e-01,8.30565528e-01,1.27303187e+00,2.43785282e+00,2.27553176e-01,8.29409741e-01,1.32768921e+00,2.49720079e+00,8.30565528e-03
1.4600,2.27597761e-01,8.33538765e-01,1.26828943e+00,2.46326603e+00,2.27226258e-01,8.32383950e-01,1.31680769e+00,2.52364576e+00,8.33538765e-03
1.4800,2.27264806e-01,8.36554932e-01,1.26708293e+00,2.48861976e+00,2.26898132e-01,8.35400402e-01,1.30749898e+00,2.54988883e+00,8.36554932e-03
1.5000,2.26930646e-01,8.39613431e-01,1.27655279e+00,2.51405611e+00,2.26568778e-01,8.38458492e-01,1.30078165e+00,2.57597163e+00,8.39613431e-03
1.5200,2.26595261e-01,8.42713641e-01,1.28597232e+00,2.53968136e+00,2.26238175e-01,8.41557591e-01,1.29435409e+00,2.60192299e+00,8.42713641e-03
1.5400,2.26258633e-01,8.45854920e-01,1.29533928e+00,2.56549448e+00,2.25906305e-01,8.44697052e-01,1.29443788e+00,2.62781091e+00,8.45854920e-03
1.5600,2.25920745e-01,8.49036604e-01,1.30465151e+00,2.59149439e+00,2.25573148e-01,8.47876204e-01,1.30372335e+00,2.65379252e+00,8.49036604e-03
1.5800,2.25581579e-01,8.52258006e-01,1.31390690e+00,2.61767997e+00,2.25238686e-01,8.51094357e-01,1.31295449e+00,2.67995930e+00,8.52258006e-03
1.6000,2.25241118e-01,8.55518419e-01,1.32310344e+00,2.64405008e+00,2.24902900e-01,8.54350798e-01,1.32212937e+00,2.70631014e+00,8.55518419e-03
1.6200,2.24899344e-01,8.58817113e-01,1.33223917e+00,2.67060350e+00,2.24565771e-01,8.57644794e-01,1.33124614e+00,2.73284390e+00,8.58817113e-03
1.6400,2.24556242e-01,8.62153336e-01,1.34131223e+00,2.69733902e+00,2.24227282e-01,8.60975591e-01,1.34030301e+00,2.75955939e+00,8.62153336e-03
1.6600,2.24211794e-01,8.65526316e-01,1.35352246e+00,2.72428736e+00,2.23887415e-01,8.64342414e-01,1.35055681e+00,2.78646798e+00,8.65526316e-03
1.6800,2.23865985e-01,8.68935258e-01,1.36596181e+00,2.75148221e+00,2.23546154e-01,8.67744465e-01,1.36291509e+00,2.81360270e+00,8.68935258e-03
1.7000,2.23518799e-01,8.72379346e-01,1.37836985e+00,2.77892552e+00,2.23203481e-01,8.71180928e-01,1.37524439e+00,2.84098430e+00,8.72379346e-03
1.7200,2.23170220e-01,8.75857743e-01,1.39074296e+00,2.80661665e+00,2.22859381e-01,8.74650965e-01,1.38754121e+00,2.86861215e+00,8.75857743e-03
1.7400,2.22820234e-01,8.79369592e-01,1.40307762e+00,2.83455486e+00,2.22513836e-01,8.78153719e-01,1.39980215e+00,2.89648559e+00,8.79369592e-03
1.7600,2.22468827e-01,8.82914015e-01,1.41537041e+00,2.86273934e+00,2.22166833e-01,8.81688314e-01,1.41202391e+00,2.92460385e+00,8.82914015e-03
1.7800,2.22115984e-01,8.86490115e-01,1.42761800e+00,2.89116922e+00,2.21818356e-01,8.85253851e-01,1.42420326e+00,2.95296612e+00,8.86490115e-03
1.8000,2.21761691e-01,8.90096974e-01,1.43981717e+00,2.91984357e+00,2.21468390e-01,8.88849417e-01,1.43633708e+00,2.98157152e+00,8.90096974e-03
1.8200,2.21405935e-01,8.93733656e-01,1.45196480e+00,2.94876139e+00,2.21116921e-01,8.92474077e-01,1.44842237e+00,3.01041912e+00,8.93733656e-03
1.8400,2.21048704e-01,8.97399209e-01,1.46405791e+00,2.97792162e+00,2.20763936e-01,8.96126881e-01,1.46045622e+00,3.03950790e+00,8.97399209e-03
1.8600,2.20689984e-01,9.01092659e-01,1.47609362e+00,3.00732313e+00,2.20409422e-01,8.99806859e-01,1.47243584e+00,3.06883682e+00,9.01092659e-03
1.8800,2.20329765e-01,9.04813018e-01,1.48806920e+00,3.03696476e+00,2.20053365e-01,9.03513028e-01,1.48435857e+00,3.09840477e+00,9.04813018e-03
1.9000,2.19968033e-01,9.08559281e-01,1.49998203e+00,3.06684527e+00,2.19695754e-01,9.07244386e-01,1.49622188e+00,3.12821057e+00,9.08559281e-03
1.9200,2.19604780e-01,9.12330428e-01,1.51182963e+00,3.09696339e+00,2.19336578e-01,9.10999919e-01,1.50802333e+00,3.15825303e+00,9.12330428e-03
1.9400,2.19239993e-01,9.16125423e-01,1.52360965e+00,3.12731778e+00,2.18975824e-01,9.14778596e-01,1.51976066e+00,3.18853087e+00,9.16125423e-03
1.9600,2.18873663e-01,9.19943218e-01,1.53531990e+00,3.15790708e+00,2.18613483e-01,9.18579374e-01,1.53143169e+00,3.21904279e+00,9.19943218e-03
1.9800,2.18505780e-01,9.23782751e-01,1.54695829e+00,3.18872986e+00,2.18249544e-01,9.22401199e-01,1.54303441e+00,3.24978745e+00,9.23782751e-03
2.0000,2.18136335e-01,9.27642948e-01,1.55852290e+00,3.21978467e+00,2.17883998e-01,9.26243003e-01,1.55456693e+00,3.28076346e+00,9.27642948e-03
2.0200,2.17765320e-01,9.31522725e-01,1.57001193e+00,3.25107002e+00,2.17516836e-01,9.30103708e-01,1.56602747e+00,3.31196941e+00,9.31522725e-03
2.0400,2.17392727e-01,9.35420987e-01,1.58566053e+00,3.28262675e+00,2.17148049e-01,9.33982229e-01,1.57943727e+00,3.34342406e+00,9.35420987e-03
2.0600,2.17018547e-01,9.39336631e-01,1.60126423e+00,3.31449599e+00,2.16777630e-01,9.37877469e-01,1.59498118e+00,3.37516824e+00,9.39336631e-03
2.0800,2.16642775e-01,9.43268545e-01,1.61677724e+00,3.34667641e+00,2.16405570e-01,9.41788326e-01,1.61043318e+00,3.40722238e+00,9.43268545e-03
2.1000,2.16265402e-01,9.47215611e-01,1.63219226e+00,3.37916610e+00,2.16031864e-01,9.45713690e-01,1.62578599e+00,3.43958457e+00,9.47215611e-03
2.1200,2.15886424e-01,9.51176706e-01,1.64750212e+00,3.41196305e+00,2.15656505e-01,9.49652447e-01,1.64103249e+00,3.47225276e+00,9.51176706e-03
2.1400,2.15505835e-01,9.55150701e-01,1.66269978e+00,3.44506507e+00,2.15279488e-01,9.53603478e-01,1.65616569e+00,3.50522474e+00,9.55150701e-03
2.1600,2.15123630e-01,9.59136465e-01,1.67777839e+00,3.47846985e+00,2.14900806e-01,9.57565661e-01,1.67117880e+00,3.53849819e+00,9.59136465e-03
2.1800,2.14739805e-01,9.63132863e-01,1.69273127e+00,3.51217494e+00,2.14520456e-01,9.61537872e-01,1.68606520e+00,3.57207063e+00,9.63132863e-03
2.2000,2.14354354e-01,9.67138761e-01,1.70755196e+00,3.54617778e+00,2.14138433e-01,9.65518986e-01,1.70081847e+00,3.60593946e+00,9.67138761e-03
2.2200,2.13967276e-01,9.71153023e-01,1.72223417e+00,3.58047564e+00,2.13754734e-01,9.69507879e-01,1.71543242e+00,3.64010197e+00,9.71153023e-03
2.2400,2.13578567e-01,9.75174515e-01,1.73677186e+00,3.61506570e+00,2.13369356e-01,9.73503428e-01,1.72990107e+00,3.67455531e+00,9.75174515e-03
2.2600,2.13188224e-01,9.79202105e-01,1.75115922e+00,3.64994501e+00,2.12982297e-01,9.77504511e-01,1.74421870e+00,3.70929650e+00,9.79202105e-03
2.2800,2.12796247e-01,9.83234664e-01,1.76539067e+00,3.68511051e+00,2.12593554e-01,9.81510012e-01,1.75837981e+00,3.74432249e+00,9.83234664e-03
2.3000,2.12402632e-01,9.87271069e-01,1.77946091e+00,3.72055902e+00,2.12203126e-01,9.85518818e-01,1.77242645e+00,3.77963055e+00,9.87271069e-03
2.3200,2.12007380e-01,9.91310201e-01,1.79336489e+00,3.75628728e+00,2.11811012e-01,9.89529822e-01,1.78631493e+00,3.81521797e+00,9.91310201e-03
2.3400,2.11610490e-01,9.95350947e-01,1.80709783e+00,3.79229191e+00,2.11417213e-01,9.93541923e-01,1.80003794e+00,3.85108149e+00,9.95350947e-03
2.3600,2.11211962e-01,9.99392202e-01,1.82065523e+00,3.82856944e+00,2.11021727e-01,9.97554029e-01,1.81359092e+00,3.88721778e+00,9.99392202e-03
2.3800,2.10811797e-01,1.00343287e+00,1.83403288e+00,3.86511632e+00,2.10624557e-01,1.00156506e+00,1.82696959e+00,3.92362339e+00,1.00343287e-02
2.4000,2.10409995e-01,1.00747187e+00,1.84722686e+00,3.90192892e+00,2.10225702e-01,1.00557393e+00,1.84016993e+00,3.96029478e+00,1.00747187e-02
2.4200,2.10006558e-01,1.01150811e+00,1.86023354e+00,3.93900352e+00,2.09825165e-01,1.00957959e+00,1.85318823e+00,3.99722837e+00,1.01150811e-02
2.4400,2.09601489e-01,1.01554054e+00,1.87799027e+00,3.97638576e+00,2.09422948e-01,1.01358097e+00,1.86942973e+00,4.03445454e+00,1.01554054e-02
2.4600,2.09194789e-01,1.01956810e+00,1.89646029e+00,4.01413027e+00,2.09019054e-01,1.01757705e+00,1.88781914e+00,4.07202703e+00,1.01956810e-02
2.4800,2.08786461e-01,1.02358974e+00,1.91465071e+00,4.05224138e+00,2.08613485e-01,1.02156679e+00,1.90593014e+00,4.10996453e+00,1.02358974e-02
2.5000,2.08376509e-01,1.02760446e+00,1.93254675e+00,4.09071335e+00,2.08206246e-01,1.02554917e+00,1.92374819e+00,4.14826131e+00,1.02760446e-02
2.5200,2.07964936e-01,1.03161122e+00,1.95013403e+00,4.12954016e+00,2.07797340e-01,1.02952320e+00,1.94125908e+00,4.18691138e+00,1.03161122e-02
2.5400,2.07551747e-01,1.03560903e+00,1.96739853e+00,4.16871548e+00,2.07386772e-01,1.03348790e+00,1.95844901e+00,4.22590846e+00,1.03560903e-02
2.5600,2.07136945e-01,1.03959691e+00,1.98432667e+00,4.20823274e+00,2.06974546e-01,1.03744229e+00,1.97530460e+00,4.26524600e+00,1.03959691e-02
2.5800,2.06720537e-01,1.04357390e+00,2.00090531e+00,4.24808506e+00,2.06560669e-01,1.04138543e+00,1.99181294e+00,4.30491717e+00,1.04357390e-02
2.6000,2.06302527e-01,1.04753904e+00,2.01712183e+00,4.28826533e+00,2.06145146e-01,1.04531637e+00,2.00796158e+00,4.34491492e+00,1.04753904e-02
2.6200,2.05882922e-01,1.05149141e+00,2.03296410e+00,4.32876619e+00,2.05727982e-01,1.04923420e+00,2.02373862e+00,4.38523192e+00,1.05149141e-02
2.6400,2.05461726e-01,1.05543008e+00,2.04842056e+00,4.36958003e+00,2.05309186e-01,1.05313802e+00,2.03913271e+00,4.42586064e+00,1.05543008e-02
2.6600,2.05038948e-01,1.05935416e+00,2.06348022e+00,4.41069904e+00,2.04888763e-01,1.05702694e+00,2.05413305e+00,4.46679329e+00,1.05935416e-02
2.6800,2.04614593e-01,1.06326277e+00,2.07813270e+00,4.45211517e+00,2.04466721e-01,1.06090010e+00,2.06872945e+00,4.50802192e+00,1.06326277e-02
2.7000,2.04188669e-01,1.06715505e+00,2.09236824e+00,4.49382018e+00,2.04043068e-01,1.06475665e+00,2.08291236e+00,4.54953834e+00,1.06715505e-02
2.7200,2.03761184e-01,1.07103016e+00,2.10617772e+00,4.53580564e+00,2.03617812e-01,1.06859577e+00,2.09667285e+00,4.59133419e+00,1.07103016e-02
2.7400,2.03332145e-01,1.07488728e+00,2.11955271e+00,4.57806294e+00,2.03190961e-01,1.07241664e+00,2.11000264e+00,4.63340094e+00,1.07488728e-02
2.7600,2.02901560e-01,1.07872561e+00,2.13248542e+00,4.62058332e+00,2.02762524e-01,1.07621849e+00,2.12302643e+00,4.67573123e+00,1.07872561e-02
2.7800,2.02469439e-01,1.08254436e+00,2.14496880e+00,4.66335787e+00,2.02332511e-01,1.08000053e+00,2.13565691e+00,4.71831807e+00,1.08254436e-02
2.8000,2.02035790e-01,1.08634276e+00,2.15699647e+00,4.70637752e+00,2.01900930e-01,1.08376203e+00,2.14784178e+00,4.76115305e+00,1.08634276e-02
2.8200,2.01600621e-01,1.09012007e+00,2.16856278e+00,4.74963311e+00,2.01467791e-01,1.08750224e+00,2.15957510e+00,4.80422722e+00,1.09012007e-02
2.8400,2.01163943e-01,1.09387558e+00,2.17966281e+00,4.79311537e+00,2.01033104e-01,1.09122047e+00,2.17085167e+00,4.84753149e+00,1.09387558e-02
2.8600,2.00725765e-01,1.09760856e+00,2.19493602e+00,4.83686136e+00,2.00596881e-01,1.09491601e+00,2.18372907e+00,4.89107730e+00,1.09760856e-02
2.8800,2.00286098e-01,1.10131834e+00,2.22076114e+00,4.88101833e+00,2.00159130e-01,1.09858819e+00,2.20938017e+00,4.93500839e+00,1.10131834e-02
2.9000,1.99844951e-01,1.10500425e+00,2.24651103e+00,4.92569105e+00,1.99719864e-01,1.10223637e+00,2.23495750e+00,4.97945177e+00,1.10500425e-02
2.9200,1.99402334e-01,1.10866564e+00,2.27217413e+00,4.97087790e+00,1.99279093e-01,1.10585991e+00,2.26044983e+00,5.02440584e+00,1.10866564e-02
2.9400,1.98958259e-01,1.11230188e+00,2.29773913e+00,5.01657703e+00,1.98836828e-01,1.10945820e+00,2.28584622e+00,5.06986880e+00,1.11230188e-02
2.9600,1.98512737e-01,1.11591237e+00,2.32319498e+00,5.06278637e+00,1.98393082e-01,1.11303064e+00,2.31113595e+00,5.11583862e+00,1.11591237e-02
2.9800,1.98065778e-01,1.11949651e+00,2.34853093e+00,5.10950363e+00,1.97947866e-01,1.11657666e+00,2.33630863e+00,5.16231307e+00,1.11949651e-02
3.0000,1.97617394e-01,1.12305373e+00,2.37373655e+00,5.15672631e+00,1.97501193e-01,1.12009570e+00,2.36135419e+00,5.20928970e+00,1.12305373e-02
3.0200,1.97167598e-01,1.12658348e+00,2.39880174e+00,5.20445169e+00,1.97053074e-01,1.12358722e+00,2.38626288e+00,5.25676587e+00,1.12658348e-02
3.0400,1.96716399e-01,1.13008522e+00,2.42371678e+00,5.25267688e+00,1.96603522e-01,1.12705070e+00,2.41102534e+00,5.30473875e+00,1.13008522e-02
3.0600,1.96263811e-01,1.13355844e+00,2.44847236e+00,5.30139877e+00,1.96152550e-01,1.13048563e+00,2.43563260e+00,5.35320533e+00,1.13355844e-02
3.0800,1.95809846e-01,1.13700264e+00,2.47305956e+00,5.35061409e+00,1.95700171e-01,1.13389154e+00,2.46007608e+00,5.40216242e+00,1.13700264e-02
3.1000,1.95354516e-01,1.14041733e+00,2.49746988e+00,5.40031938e+00,1.95246398e-01,1.13726796e+00,2.48434764e+00,5.45160665e+00,1.14041733e-02
3.1200,1.94897833e-01,1.14380205e+00,2.52169530e+00,5.45051103e+00,1.94791244e-01,1.14061444e+00,2.50843957e+00,5.50153452e+00,1.14380205e-02
3.1400,1.94439811e-01,1.14715636e+00,2.54572825e+00,5.50118527e+00,1.94334722e-01,1.14393054e+00,2.53234464e+00,5.55194237e+00,1.14715636e-02
3.1600,1.93980463e-01,1.15047981e+00,2.56956164e+00,5.55233817e+00,1.93876847e-01,1.14721584e+00,2.55605606e+00,5.60282637e+00,1.15047981e-02
3.1800,1.93519800e-01,1.15377200e+00,2.59318886e+00,5.60396567e+00,1.93417633e-01,1.15046995e+00,2.57956756e+00,5.65418261e+00,1.15377200e-02
3.2000,1.93057837e-01,1.15703253e+00,2.61660382e+00,5.65606360e+00,1.92957092e-01,1.15369249e+00,2.60287333e+00,5.70600702e+00,1.15703253e-02
3.2200,1.92594587e-01,1.16026101e+00,2.63980094e+00,5.70862765e+00,1.92495239e-01,1.15688307e+00,2.62596807e+00,5.75829543e+00,1.16026101e-02
3.2400,1.92130063e-01,1.16345707e+00,2.66277515e+00,5.76165341e+00,1.92032089e-01,1.16004136e+00,2.64884700e+00,5.81104358e+00,1.16345707e-02
3.2600,1.91664279e-01,1.16662036e+00,2.68552191e+00,5.81513638e+00,1.91567656e-01,1.16316701e+00,2.67150583e+00,5.86424711e+00,1.16662036e-02
3.2800,1.91197249e-01,1.16975055e+00,2.70803721e+00,5.86907197e+00,1.91101954e-01,1.16625969e+00,2.69394080e+00,5.91790158e+00,1.16975055e-02
3.3000,1.90728986e-01,1.17284730e+00,2.73031755e+00,5.92345552e+00,1.90634998e-01,1.16931910e+00,2.71614866e+00,5.97200247e+00,1.17284730e-02
3.3200,1.90259504e-01,1.17591030e+00,2.75235999e+00,5.97828229e+00,1.90166803e-01,1.17234494e+00,2.73812666e+00,6.02654523e+00,1.17591030e-02
3.3400,1.89788818e-01,1.17893926e+00,2.77416209e+00,6.03354751e+00,1.89697383e-01,1.17533692e+00,2.75987258e+00,6.08152522e+00,1.17893926e-02
3.3600,1.89316942e-01,1.18193390e+00,2.79572194e+00,6.08924635e+00,1.89226753e-01,1.17829479e+00,2.78138471e+00,6.13693779e+00,1.18193390e-02
3.3800,1.88843890e-01,1.18489393e+00,2.81703815e+00,6.14537396e+00,1.88754929e-01,1.18121827e+00,2.80266182e+00,6.19277826e+00,1.18489393e-02
3.4000,1.88369676e-01,1.18781911e+00,2.83810984e+00,6.20192543e+00,1.88281926e-01,1.18410714e+00,2.82370318e+00,6.24904191e+00,1.18781911e-02
3.4200,1.87894315e-01,1.19070919e+00,2.85893662e+00,6.25889590e+00,1.87807759e-01,1.18696115e+00,2.84450856e+00,6.30572402e+00,1.19070919e-02
3.4400,1.87417821e-01,1.19356392e+00,2.87951861e+00,6.31628045e+00,1.87332443e-01,1.18978008e+00,2.86507817e+00,6.36281989e+00,1.19356392e-02
3.4600,1.86940209e-01,1.19638310e+00,2.89985639e+00,6.37407420e+00,1.86855994e-01,1.19256374e+00,2.88541273e+00,6.42032480e+00,1.19638310e-02
3.4800,1.86461494e-01,1.19916650e+00,2.91995101e+00,6.43227228e+00,1.86378427e-01,1.19531192e+00,2.90551335e+00,6.47823406e+00,1.19916650e-02
3.5000,1.85981691e-01,1.20191393e+00,2.93980396e+00,6.49086983e+00,1.85899757e-01,1.19802443e+00,2.92538163e+00,6.53654301e+00,1.20191393e-02
3.5200,1.85500814e-01,1.20462519e+00,2.95941720e+00,6.54986204e+00,1.85420001e-01,1.20070110e+00,2.94501954e+00,6.59524702e+00,1.20462519e-02
3.5400,1.85018878e-01,1.20730010e+00,2.97879306e+00,6.60924414e+00,1.84939174e-01,1.20334177e+00,2.96442948e+00,6.65434151e+00,1.20730010e-02
3.5600,1.84535898e-01,1.20993850e+00,2.99793429e+00,6.66901141e+00,1.84457292e-01,1.20594627e+00,2.98361423e+00,6.71382195e+00,1.20993850e-02
3.5800,1.84051890e-01,1.21254022e+00,3.01684403e+00,6.72915920e+00,1.83974371e-01,1.20851447e+00,3.00257692e+00,6.77368386e+00,1.21254022e-02
3.6000,1.83566868e-01,1.21510511e+00,3.03552578e+00,6.78968289e+00,1.83490426e-01,1.21104623e+00,3.02132103e+00,6.83392284e+00,1.21510511e-02
3.6200,1.83080848e-01,1.21763303e+00,3.05398335e+00,6.85057799e+00,1.83005473e-01,1.21354142e+00,3.03985039e+00,6.89453456e+00,1.21763303e-02
3.6400,1.82593845e-01,1.22012385e+00,3.07222091e+00,6.91184003e+00,1.82519529e-01,1.21599993e+00,3.05816910e+00,6.95551475e+00,1.22012385e-02
3.6600,1.82105873e-01,1.22257744e+00,3.09024290e+00,6.97346467e+00,1.82032609e-01,1.21842163e+00,3.07628157e+00,7.01685926e+00,1.22257744e-02
3.6800,1.81616949e-01,1.22499368e+00,3.10805406e+00,7.03544764e+00,1.81544730e-01,1.22080644e+00,3.09419245e+00,7.07856400e+00,1.22499368e-02
3.7000,1.81127087e-01,1.22737246e+00,3.12565935e+00,7.09778477e+00,1.81055907e-01,1.22315425e+00,3.11190665e+00,7.14062499e+00,1.22737246e-02
3.7200,1.80636304e-01,1.22971369e+00,3.14306401e+00,7.16047200e+00,1.80566157e-01,1.22546499e+00,3.12942931e+00,7.20303835e+00,1.22971369e-02
3.7400,1.80144613e-01,1.23201726e+00,3.16515890e+00,7.22355423e+00,1.80075496e-01,1.22773856e+00,3.15004936e+00,7.26583313e+00,1.23201726e-02
3.7600,1.79652032e-01,1.23428309e+00,3.18950403e+00,7.28710086e+00,1.79583939e-01,1.22997491e+00,3.17425843e+00,7.32907621e+00,1.23428309e-02
3.7800,1.79158575e-01,1.23651110e+00,3.21397249e+00,7.35113563e+00,1.79091504e-01,1.23217396e+00,3.19859063e+00,7.39280470e+00,1.23651110e-02
3.8000,1.78664257e-01,1.23870122e+00,3.23856531e+00,7.41566101e+00,1.78598206e-01,1.23433565e+00,3.22304684e+00,7.45702108e+00,1.23870122e-02
3.8200,1.78169095e-01,1.24085336e+00,3.26328339e+00,7.48067949e+00,1.78104062e-01,1.23645994e+00,3.24762783e+00,7.52172782e+00,1.24085336e-02
3.8400,1.77673103e-01,1.24296748e+00,3.28812752e+00,7.54619360e+00,1.77609087e-01,1.23854677e+00,3.27233424e+00,7.58692744e+00,1.24296748e-02
3.8600,1.77176297e-01,1.24504351e+00,3.31309837e+00,7.61220586e+00,1.77113298e-01,1.24059610e+00,3.29716658e+00,7.65262245e+00,1.24504351e-02
3.8800,1.76678693e-01,1.24708139e+00,3.33819647e+00,7.67871881e+00,1.76616712e-01,1.24260789e+00,3.32212522e+00,7.71881537e+00,1.24708139e-02
3.9000,1.76180307e-01,1.24908108e+00,3.36342220e+00,7.74573500e+00,1.76119345e-01,1.24458211e+00,3.34721039e+00,7.78550873e+00,1.24908108e-02
3.9200,1.75681153e-01,1.25104254e+00,3.38877582e+00,7.81325698e+00,1.75621212e-01,1.24651873e+00,3.37242217e+00,7.85270505e+00,1.25104254e-02
3.9400,1.75181248e-01,1.25296572e+00,3.41425741e+00,7.88128731e+00,1.75122331e-01,1.24841773e+00,3.39776048e+00,7.92040688e+00,1.25296572e-02
3.9600,1.74680606e-01,1.25485059e+00,3.43986692e+00,7.94982855e+00,1.74622717e-01,1.25027909e+00,3.42322508e+00,7.98861673e+00,1.25485059e-02
3.9800,1.74179244e-01,1.25669710e+00,3.46560411e+00,8.01888326e+00,1.74122386e-01,1.25210278e+00,3.44881557e+00,8.05733714e+00,1.25669710e-02
4.0000,1.73677178e-01,1.25850524e+00,3.49146857e+00,8.08845399e+00,1.73621356e-01,1.25388879e+00,3.47453136e+00,8.12657061e+00,1.25850524e-02
4.0200,1.73174422e-01,1.26027496e+00,3.51745973e+00,8.15854327e+00,1.73119642e-01,1.25563711e+00,3.50037170e+00,8.19631964e+00,1.26027496e-02
4.0400,1.72670992e-01,1.26200625e+00,3.54357680e+00,8.22915364e+00,1.72617261e-01,1.25734772e+00,3.52633561e+00,8.26658671e+00,1.26200625e-02
4.0600,1.72166904e-01,1.26369907e+00,3.56981883e+00,8.30028759e+00,1.72114229e-01,1.25902063e+00,3.55242197e+00,8.33737429e+00,1.26369907e-02
4.0800,1.71662173e-01,1.26535341e+00,3.59618463e+00,8.37194763e+00,1.71610562e-01,1.26065581e+00,3.57862940e+00,8.40868480e+00,1.26535341e-02
4.1000,1.71156816e-01,1.26696923e+00,3.62267284e+00,8.44413620e+00,1.71106276e-01,1.26225327e+00,3.60495635e+00,8.48052066e+00,1.26696923e-02
4.1200,1.70650847e-01,1.26854651e+00,3.64928186e+00,8.51685575e+00,1.70601388e-01,1.26381300e+00,3.63140105e+00,8.55288424e+00,1.26854651e-02
4.1400,1.70144282e-01,1.27008524e+00,3.67600988e+00,8.59010867e+00,1.70095913e-01,1.26533498e+00,3.65796149e+00,8.62577786e+00,1.27008524e-02
4.1600,1.69637137e-01,1.27158539e+00,3.70285484e+00,8.66389731e+00,1.69589869e-01,1.26681922e+00,3.68463545e+00,8.69920383e+00,1.27158539e-02
4.1800,1.69129427e-01,1.27304693e+00,3.72981447e+00,8.73822401e+00,1.69083271e-01,1.26826571e+00,3.71142045e+00,8.77316439e+00,1.27304693e-02
4.2000,1.68621168e-01,1.27446983e+00,3.75688624e+00,8.81309101e+00,1.68576136e-01,1.26967443e+00,3.73831380e+00,8.84766173e+00,1.27446983e-02
4.2200,1.68112375e-01,1.27585408e+00,3.78406738e+00,8.88850055e+00,1.68068480e-01,1.27104538e+00,3.76531254e+00,8.92269800e+00,1.27585408e-02
4.2400,1.67603064e-01,1.27719964e+00,3.81135486e+00,8.96445477e+00,1.67560318e-01,1.27237855e+00,3.79241347e+00,8.99827526e+00,1.27719964e-02
4.2600,1.67093250e-01,1.27850649e+00,3.83874540e+00,9.04095578e+00,1.67051668e-01,1.27367392e+00,3.81961313e+00,9.07439552e+00,1.27850649e-02
4.2800,1.66582949e-01,1.27977458e+00,3.86623544e+00,9.11800558e+00,1.66542544e-01,1.27493147e+00,3.84690778e+00,9.15106073e+00,1.27977458e-02
4.3000,1.66072177e-01,1.28100389e+00,3.89382117e+00,9.19560615e+00,1.66032964e-01,1.27615120e+00,3.87429344e+00,9.22827274e+00,1.28100389e-02
4.3200,1.65560948e-01,1.28219437e+00,3.92149848e+00,9.27375935e+00,1.65522944e-01,1.27733307e+00,3.90176585e+00,9.30603334e+00,1.28219437e-02
4.3400,1.65049279e-01,1.28334599e+00,3.94926302e+00,9.35246696e+00,1.65012500e-01,1.27847707e+00,3.92932047e+00,9.38434420e+00,1.28334599e-02
4.3600,1.64537185e-01,1.28445870e+00,3.97711011e+00,9.43173069e+00,1.64501647e-01,1.27958316e+00,3.95695247e+00,9.46320693e+00,1.28445870e-02
4.3800,1.64024682e-01,1.28553244e+00,4.00503482e+00,9.51155214e+00,1.63990402e-01,1.28065131e+00,3.98465677e+00,9.54262302e+00,1.28553244e-02
4.4000,1.63511785e-01,1.28656717e+00,4.03303194e+00,9.59193281e+00,1.63478781e-01,1.28168149e+00,4.01242798e+00,9.62259387e+00,1.28656717e-02
4.4200,1.62998509e-01,1.28756283e+00,4.06109593e+00,9.67287409e+00,1.62966800e-01,1.28267365e+00,4.04026044e+00,9.70312075e+00,1.28756283e-02
4.4400,1.62484870e-01,1.28851936e+00,4.08922099e+00,9.75437726e+00,1.62454476e-01,1.28362776e+00,4.06814818e+00,9.78420484e+00,1.28851936e-02
4.4600,1.61970884e-01,1.28943669e+00,4.11740103e+00,9.83644348e+00,1.61941823e-01,1.28454375e+00,4.09608498e+00,9.86584717e+00,1.28943669e-02
4.4800,1.61456566e-01,1.29031475e+00,4.14562964e+00,9.91907378e+00,1.61428859e-01,1.28542158e+00,4.12406430e+00,9.94804866e+00,1.29031475e-02
4.5000,1.60941932e-01,1.29115347e+00,4.17390016e+00,1.00022691e+01,1.60915600e-01,1.28626119e+00,4.15207934e+00,1.00308101e+01,1.29115347e-02
4.5200,1.60426997e-01,1.29195277e+00,4.20220560e+00,1.00860301e+01,1.60402061e-01,1.28706252e+00,4.18012298e+00,1.01141321e+01,1.29195277e-02
4.5400,1.59911777e-01,1.29271256e+00,4.23053869e+00,1.01703576e+01,1.59888259e-01,1.28782549e+00,4.20818785e+00,1.01980152e+01,1.29271256e-02
4.5600,1.59396288e-01,1.29343275e+00,4.25889189e+00,1.02552519e+01,1.59374210e-01,1.28855003e+00,4.23626629e+00,1.02824598e+01,1.29343275e-02
4.5800,1.58880545e-01,1.29411326e+00,4.28725734e+00,1.03407134e+01,1.58859930e-01,1.28923607e+00,4.26435034e+00,1.03674659e+01,1.29411326e-02
4.6000,1.58364564e-01,1.29475397e+00,4.31562694e+00,1.04267422e+01,1.58345434e-01,1.28988351e+00,4.29243179e+00,1.04530338e+01,1.29475397e-02
4.6200,1.57848360e-01,1.29535480e+00,4.34399229e+00,1.05133384e+01,1.57830740e-01,1.29049228e+00,4.32050216e+00,1.05391631e+01,1.29535480e-02
4.6400,1.57331950e-01,1.29591563e+00,4.37234469e+00,1.06005018e+01,1.57315863e-01,1.29106228e+00,4.34855268e+00,1.06258536e+01,1.29591563e-02
4.6600,1.56815348e-01,1.29643635e+00,4.40067523e+00,1.06882320e+01,1.56800820e-01,1.29159341e+00,4.37657435e+00,1.07131049e+01,1.29643635e-02
4.6800,1.56298572e-01,1.29691685e+00,4.42897468e+00,1.07765285e+01,1.56285626e-01,1.29208557e+00,4.40455790e+00,1.08009162e+01,1.29691685e-02
4.7000,1.55781636e-01,1.29735700e+00,4.45723360e+00,1.08653906e+01,1.55770298e-01,1.29253866e+00,4.43249382e+00,1.08892868e+01,1.29735700e-02
4.7200,1.55264556e-01,1.29775670e+00,4.48544227e+00,1.09548173e+01,1.55254852e-01,1.29295256e+00,4.46037236e+00,1.09782154e+01,1.29775670e-02
4.7400,1.54747349e-01,1.29811580e+00,4.51359075e+00,1.10448077e+01,1.54739304e-01,1.29332715e+00,4.48818354e+00,1.10677010e+01,1.29811580e-02
4.7600,1.54230030e-01,1.29843419e+00,4.54166887e+00,1.11353603e+01,1.54223671e-01,1.29366233e+00,4.51591717e+00,1.11577420e+01,1.29843419e-02
4.7800,1.53712615e-01,1.29871172e+00,4.56966621e+00,1.12264736e+01,1.53707968e-01,1.29395798e+00,4.54356284e+00,1.12483368e+01,1.29871172e-02
4.8000,1.53195120e-01,1.29894827e+00,4.59757217e+00,1.13181460e+01,1.53192213e-01,1.29421396e+00,4.57110995e+00,1.13394835e+01,1.29894827e-02
4.8200,1.52677561e-01,1.29914371e+00,4.62537595e+00,1.14103755e+01,1.52676420e-01,1.29443015e+00,4.59854769e+00,1.14311801e+01,1.29914371e-02
4.8400,1.52159955e-01,1.29929788e+00,4.65306653e+00,1.15031599e+01,1.52160608e-01,1.29460642e+00,4.62586511e+00,1.15234242e+01,1.29929788e-02
4.8600,1.51642317e-01,1.29941066e+00,4.68063276e+00,1.15964969e+01,1.51644791e-01,1.29474264e+00,4.65305107e+00,1.16162134e+01,1.29941066e-02
4.8800,1.51124664e-01,1.29948191e+00,4.70806328e+00,1.16903838e+01,1.51128987e-01,1.29483868e+00,4.68009429e+00,1.17095448e+01,1.29948191e-02
4.9000,1.50607012e-01,1.29951148e+00,4.73534660e+00,1.17848179e+01,1.50613212e-01,1.29489440e+00,4.70698335e+00,1.18034156e+01,1.29951148e-02
4.9200,1.50089377e-01,1.29949923e+00,4.76247111e+00,1.18797961e+01,1.50097482e-01,1.29490967e+00,4.73370671e+00,1.18978225e+01,1.29949923e-02
4.9400,1.49571776e-01,1.29944503e+00,4.78942506e+00,1.19753151e+01,1.49581814e-01,1.29488435e+00,4.76025273e+00,1.19927621e+01,1.29944503e-02
4.9600,1.49054224e-01,1.29934873e+00,4.81619659e+00,1.20713713e+01,1.49066225e-01,1.29481831e+00,4.78660967e+00,1.20882307e+01,1.29934873e-02
4.9800,1.48536739e-01,1.29921020e+00,4.84277377e+00,1.21679610e+01,1.48550730e-01,1.29471141e+00,4.81276571e+00,1.21842245e+01,1.29921020e-02
5.0000,1.48019336e-01,1.29902929e+00,4.86914456e+00,1.22650802e+01,1.48035347e-01,1.29456351e+00,4.83870899e+00,1.22807392e+01,1.29902929e-02
5.0200,1.47502033e-01,1.29880588e+00,4.89529691e+00,1.23627246e+01,1.47520091e-01,1.29437449e+00,4.86442759e+00,1.23777706e+01,1.29880588e-02
5.0400,1.46984846e-01,1.29853982e+00,4.92121869e+00,1.24608898e+01,1.47004981e-01,1.29414420e+00,4.88990957e+00,1.24753140e+01,1.29853982e-02
5.0600,1.46467792e-01,1.29823100e+00,4.94689777e+00,1.25595709e+01,1.46490032e-01,1.29387253e+00,4.91514298e+00,1.25733645e+01,1.29823100e-02
5.0800,1.45950887e-01,1.29787928e+00,4.97232200e+00,1.26587631e+01,1.45975261e-01,1.29355933e+00,4.94011589e+00,1.26719171e+01,1.29787928e-02
5.1000,1.45434148e-01,1.29748454e+00,4.99747925e+00,1.27584611e+01,1.45460685e-01,1.29320448e+00,4.96481637e+00,1.27709664e+01,1.29748454e-02
5.1200,1.44917592e-01,1.29704667e+00,5.02235742e+00,1.28586595e+01,1.44946320e-01,1.29280787e+00,4.98923258e+00,1.28705069e+01,1.29704667e-02
5.1400,1.44401236e-01,1.29656554e+00,5.04694446e+00,1.29593525e+01,1.44432184e-01,1.29236937e+00,5.01335269e+00,1.29705327e+01,1.29656554e-02
5.1600,1.43885097e-01,1.29604105e+00,5.07122838e+00,1.30605342e+01,1.43918294e-01,1.29188886e+00,5.03716500e+00,1.30710379e+01,1.29604105e-02
5.1800,1.43369191e-01,1.29547309e+00,5.09519729e+00,1.31621985e+01,1.43404665e-01,1.29136624e+00,5.06065788e+00,1.31720162e+01,1.29547309e-02
5.2000,1.42853537e-01,1.29486157e+00,5.11883939e+00,1.32643389e+01,1.42891315e-01,1.29080140e+00,5.08381982e+00,1.32734609e+01,1.29486157e-02
5.2200,1.42338149e-01,1.29420639e+00,5.14214301e+00,1.33669487e+01,1.42378261e-01,1.29019424e+00,5.10663948e+00,1.33753655e+01,1.29420639e-02
5.2400,1.41823047e-01,1.29350747e+00,5.16509664e+00,1.34700211e+01,1.41865520e-01,1.28954466e+00,5.12910562e+00,1.34777230e+01,1.29350747e-02
5.2600,1.41308247e-01,1.29276473e+00,5.18768890e+00,1.35735489e+01,1.41353108e-01,1.28885258e+00,5.15120721e+00,1.35805261e+01,1.29276473e-02
5.2800,1.40793765e-01,1.29197810e+00,5.20990861e+00,1.36775249e+01,1.40841043e-01,1.28811790e+00,5.17293340e+00,1.36837675e+01,1.29197810e-02
5.3000,1.40279620e-01,1.29114751e+00,5.23174478e+00,1.37819415e+01,1.40329341e-01,1.28734056e+00,5.19427356e+00,1.37874396e+01,1.29114751e-02
5.3200,1.39765829e-01,1.29027290e+00,5.25318663e+00,1.38867908e+01,1.39818020e-01,1.28652048e+00,5.21521725e+00,1.38915345e+01,1.29027290e-02
5.3400,1.39252408e-01,1.28935423e+00,5.27422364e+00,1.39920649e+01,1.39307097e-01,1.28565760e+00,5.23575431e+00,1.39960442e+01,1.28935423e-02
5.3600,1.38739375e-01,1.28839146e+00,5.29484550e+00,1.40977556e+01,1.38796587e-01,1.28475187e+00,5.25587482e+00,1.41009605e+01,1.28839146e-02
5.3800,1.38226748e-01,1.28738456e+00,5.31504219e+00,1.42038544e+01,1.38286510e-01,1.28380323e+00,5.27556913e+00,1.42062749e+01,1.28738456e-02
5.4000,1.37714543e-01,1.28633351e+00,5.33480398e+00,1.43103529e+01,1.37776880e-01,1.28281165e+00,5.29482788e+00,1.43119789e+01,1.28633351e-02
5.4200,1.37202779e-01,1.28523828e+00,5.35412142e+00,1.44172422e+01,1.37267716e-01,1.28177709e+00,5.31364202e+00,1.44180636e+01,1.28523828e-02
5.4400,1.36691471e-01,1.28409889e+00,5.37298539e+00,1.45245132e+01,1.36759034e-01,1.28069954e+00,5.33200281e+00,1.45245200e+01,1.28409889e-02
5.4600,1.36180639e-01,1.28291533e+00,5.39138708e+00,1.46321569e+01,1.36250852e-01,1.27957898e+00,5.34990185e+00,1.46313391e+01,1.28291533e-02
5.4800,1.35670298e-01,1.28168762e+00,5.40931804e+00,1.47401640e+01,1.35743186e-01,1.27841540e+00,5.36733108e+00,1.47385114e+01,1.28168762e-02
5.5000,1.35160467e-01,1.28041579e+00,5.42677016e+00,1.48485249e+01,1.35236053e-01,1.27720882e+00,5.38428278e+00,1.48460276e+01,1.28041579e-02
5.5200,1.34651163e-01,1.27909988e+00,5.44373572e+00,1.49572299e+01,1.34729470e-01,1.27595924e+00,5.40074962e+00,1.49538779e+01,1.27909988e-02
5.5400,1.34142403e-01,1.27773993e+00,5.46020734e+00,1.50662694e+01,1.34223454e-01,1.27466669e+00,5.41672463e+00,1.50620526e+01,1.27773993e-02
5.5600,1.33634204e-01,1.27633601e+00,5.47617807e+00,1.51756332e+01,1.33718022e-01,1.27333120e+00,5.43220125e+00,1.51705419e+01,1.27633601e-02
5.5800,1.33126585e-01,1.27488818e+00,5.49164134e+00,1.52853114e+01,1.33213190e-01,1.27195283e+00,5.44717328e+00,1.52793356e+01,1.27488818e-02
5.6000,1.32619561e-01,1.27339651e+00,5.50659099e+00,1.53952937e+01,1.32708976e-01,1.27053162e+00,5.46163495e+00,1.53884237e+01,1.27339651e-02
5.6200,1.32113151e-01,1.27186112e+00,5.52102128e+00,1.55055699e+01,1.32205396e-01,1.26906764e+00,5.47558090e+00,1.54977959e+01,1.27186112e-02
5.6400,1.31607371e-01,1.27028209e+00,5.53492688e+00,1.56161293e+01,1.31702467e-01,1.26756096e+00,5.48900619e+00,1.56074417e+01,1.27028209e-02
5.6600,1.31102239e-01,1.26865953e+00,5.54830292e+00,1.57269616e+01,1.31200206e-01,1.26601168e+00,5.50190627e+00,1.57173509e+01,1.26865953e-02
5.6800,1.30597772e-01,1.26699359e+00,5.56114495e+00,1.58380561e+01,1.30698628e-01,1.26441988e+00,5.51427707e+00,1.58275127e+01,1.26699359e-02
5.7000,1.30093987e-01,1.26528438e+00,5.57344893e+00,1.59494021e+01,1.30197752e-01,1.26278568e+00,5.52611489e+00,1.59379166e+01,1.26528438e-02
5.7200,1.29590902e-01,1.26353206e+00,5.58521132e+00,1.60609887e+01,1.29697593e-01,1.26110920e+00,5.53741652e+00,1.60485519e+01,1.26353206e-02
5.7400,1.29088532e-01,1.26173680e+00,5.59642898e+00,1.61728051e+01,1.29198167e-01,1.25939057e+00,5.54817915e+00,1.61594079e+01,1.26173680e-02
5.7600,1.28586896e-01,1.25989875e+00,5.60709923e+00,1.62848404e+01,1.28699492e-01,1.25762992e+00,5.55840041e+00,1.62704737e+01,1.25989875e-02
5.7800,1.28086010e-01,1.25801811e+00,5.61721985e+00,1.63970835e+01,1.28201582e-01,1.25582742e+00,5.56807836e+00,1.63817385e+01,1.25801811e-02
5.8000,1.27585890e-01,1.25609506e+00,5.62678904e+00,1.65095236e+01,1.27704456e-01,1.25398322e+00,5.57721152e+00,1.64931914e+01,1.25609506e-02
5.8200,1.27086555e-01,1.25412981e+00,5.63580548e+00,1.66221496e+01,1.27208128e-01,1.25209750e+00,5.58579881e+00,1.66048215e+01,1.25412981e-02
5.8400,1.26588020e-01,1.25212259e+00,5.64426827e+00,1.67349503e+01,1.26712615e-01,1.25017045e+00,5.59383959e+00,1.67166179e+01,1.25212259e-02
5.8600,1.26090301e-01,1.25007361e+00,5.65217694e+00,1.68479148e+01,1.26217933e-01,1.24820226e+00,5.60133364e+00,1.68285696e+01,1.25007361e-02
5.8800,1.25593416e-01,1.24798311e+00,5.65953148e+00,1.69610318e+01,1.25724097e-01,1.24619315e+00,5.60828118e+00,1.69406657e+01,1.24798311e-02
5.9000,1.25097381e-01,1.24585136e+00,5.66633229e+00,1.70742905e+01,1.25231124e-01,1.24414332e+00,5.61468282e+00,1.70528954e+01,1.24585136e-02
5.9200,1.24602212e-01,1.24367861e+00,5.67258021e+00,1.71876796e+01,1.24739029e-01,1.24205301e+00,5.62053959e+00,1.71652476e+01,1.24367861e-02
5.9400,1.24107926e-01,1.24146512e+00,5.67827649e+00,1.73011882e+01,1.24247827e-01,1.23992247e+00,5.62585292e+00,1.72777115e+01,1.24146512e-02
5.9600,1.23614538e-01,1.23921120e+00,5.68342279e+00,1.74148052e+01,1.23757535e-01,1.23775194e+00,5.63062463e+00,1.73902763e+01,1.23921120e-02
5.9800,1.23122065e-01,1.23691713e+00,5.68802116e+00,1.75285196e+01,1.23268167e-01,1.23554168e+00,5.63485692e+00,1.75029311e+01,1.23691713e-02
6.0000,1.22630522e-01,1.23458321e+00,5.69207407e+00,1.76423206e+01,1.22779739e-01,1.23329198e+00,5.63855239e+00,1.76156652e+01,1.23458321e-02
