t,E,Omega,omega_inf,I_BKM,eps
0.0000,2.50000000e-01,7.50000000e-01,1.99678982e+00,0.00000000e+00,7.50000000e-03
0.0200,2.49700176e-01,7.49131691e-01,1.99539370e+00,3.99218352e-02,7.49131691e-03
0.0400,2.49400686e-01,7.48326376e-01,1.99360332e+00,7.98118054e-02,7.48326376e-03
0.0600,2.49101506e-01,7.47583492e-01,1.99142160e+00,1.19662055e-01,7.47583492e-03
0.0800,2.48802611e-01,7.46902502e-01,1.98885182e+00,1.59464789e-01,7.46902502e-03
0.1000,2.48503976e-01,7.46282891e-01,1.98589755e+00,1.99212283e-01,7.46282891e-03
0.1200,2.48205577e-01,7.45724171e-01,1.98256267e+00,2.38896885e-01,7.45724171e-03
0.1400,2.47907389e-01,7.45225874e-01,1.97885132e+00,2.78511025e-01,7.45225874e-03
0.1600,2.47609388e-01,7.44787555e-01,1.97476797e+00,3.18047218e-01,7.44787555e-03
0.1800,2.47311551e-01,7.44408789e-01,1.97031734e+00,3.57498071e-01,7.44408789e-03
0.2000,2.47013854e-01,7.44089174e-01,1.96550441e+00,3.96856288e-01,7.44089174e-03
0.2200,2.46716273e-01,7.43828328e-01,1.96033442e+00,4.36114677e-01,7.43828328e-03
0.2400,2.46418786e-01,7.43625886e-01,1.95481286e+00,4.75266149e-01,7.43625886e-03
0.2600,2.46121368e-01,7.43481504e-01,1.94894546e+00,5.14303733e-01,7.43481504e-03
0.2800,2.45823997e-01,7.43394854e-01,1.94273816e+00,5.53220569e-01,7.43394854e-03
0.3000,2.45526650e-01,7.43365628e-01,1.93619712e+00,5.92009922e-01,7.43365628e-03
0.3200,2.45229305e-01,7.43393533e-01,1.92932870e+00,6.30665180e-01,7.43393533e-03
0.3400,2.44931939e-01,7.43478292e-01,1.92213946e+00,6.69179861e-01,7.43478292e-03
0.3600,2.44634530e-01,7.43619643e-01,1.91463614e+00,7.07547618e-01,7.43619643e-03
0.3800,2.44337055e-01,7.43817340e-01,1.90682562e+00,7.45762235e-01,7.43817340e-03
0.4000,2.44039493e-01,7.44071149e-01,1.89871498e+00,7.83817641e-01,7.44071149e-03
0.4200,2.43741822e-01,7.44380850e-01,1.89031141e+00,8.21707905e-01,7.44380850e-03
0.4400,2.43444019e-01,7.44746235e-01,1.88162225e+00,8.59427242e-01,7.44746235e-03
0.4600,2.43146065e-01,7.45167110e-01,1.87265496e+00,8.96970014e-01,7.45167110e-03
0.4800,2.42847936e-01,7.45643287e-01,1.86341712e+00,9.34330735e-01,7.45643287e-03
0.5000,2.42549613e-01,7.46174593e-01,1.85391638e+00,9.71504070e-01,7.46174593e-03
0.5200,2.42251072e-01,7.46760861e-01,1.84416051e+00,1.00848484e+00,7.46760861e-03
0.5400,2.41952295e-01,7.47401934e-01,1.83415734e+00,1.04526802e+00,7.47401934e-03
0.5600,2.41653259e-01,7.48097663e-01,1.82391477e+00,1.08184874e+00,7.48097663e-03
0.5800,2.41353943e-01,7.48847905e-01,1.81344074e+00,1.11822229e+00,7.48847905e-03
0.6000,2.41054328e-01,7.49652523e-01,1.80274326e+00,1.15438413e+00,7.49652523e-03
0.6200,2.40754392e-01,7.50511386e-01,1.79183034e+00,1.19032987e+00,7.50511386e-03
0.6400,2.40454115e-01,7.51424367e-01,1.78071005e+00,1.22605527e+00,7.51424367e-03
0.6600,2.40153475e-01,7.52391344e-01,1.76939044e+00,1.26155628e+00,7.52391344e-03
0.6800,2.39852454e-01,7.53412196e-01,1.75787958e+00,1.29682898e+00,7.53412196e-03
0.7000,2.39551030e-01,7.54486805e-01,1.74618552e+00,1.33186963e+00,7.54486805e-03
0.7200,2.39249182e-01,7.55615053e-01,1.73431631e+00,1.36667465e+00,7.55615053e-03
0.7400,2.38946891e-01,7.56796825e-01,1.72227996e+00,1.40124061e+00,7.56796825e-03
0.7600,2.38644137e-01,7.58032004e-01,1.71008446e+00,1.43556425e+00,7.58032004e-03
0.7800,2.38340898e-01,7.59320470e-01,1.69773773e+00,1.46964248e+00,7.59320470e-03
0.8000,2.38037155e-01,7.60662104e-01,1.68524766e+00,1.50347233e+00,7.60662104e-03
0.8200,2.37732887e-01,7.62056784e-01,1.67262209e+00,1.53705103e+00,7.62056784e-03
0.8400,2.37428074e-01,7.63504381e-01,1.65986877e+00,1.57037594e+00,7.63504381e-03
0.8600,2.37122697e-01,7.65004766e-01,1.64699539e+00,1.60344458e+00,7.65004766e-03
0.8800,2.36816734e-01,7.66557802e-01,1.63400956e+00,1.63625463e+00,7.66557802e-03
0.9000,2.36510165e-01,7.68163348e-01,1.62091880e+00,1.66880391e+00,7.68163348e-03
0.9200,2.36202970e-01,7.69821254e-01,1.60773053e+00,1.70109040e+00,7.69821254e-03
0.9400,2.35895129e-01,7.71531366e-01,1.59445209e+00,1.73311223e+00,7.71531366e-03
0.9600,2.35586621e-01,7.73293518e-01,1.58109070e+00,1.76486766e+00,7.73293518e-03
0.9800,2.35277427e-01,7.75107539e-01,1.56765348e+00,1.79635510e+00,7.75107539e-03
1.0000,2.34967525e-01,7.76973246e-01,1.55414742e+00,1.82757311e+00,7.76973246e-03
1.0200,2.34656895e-01,7.78890446e-01,1.54057941e+00,1.85852038e+00,7.78890446e-03
1.0400,2.34345518e-01,7.80858937e-01,1.52695622e+00,1.88919573e+00,7.80858937e-03
1.0600,2.34033372e-01,7.82878505e-01,1.51328448e+00,1.91959814e+00,7.82878505e-03
1.0800,2.33720436e-01,7.84948921e-01,1.49957070e+00,1.94972669e+00,7.84948921e-03
1.1000,2.33406692e-01,7.87069948e-01,1.48582125e+00,1.97958061e+00,7.87069948e-03
1.1200,2.33092118e-01,7.89241331e-01,1.47204236e+00,2.00915925e+00,7.89241331e-03
1.1400,2.32776693e-01,7.91462806e-01,1.45824015e+00,2.03846207e+00,7.91462806e-03
1.1600,2.32460398e-01,7.93734089e-01,1.44442058e+00,2.06748868e+00,7.93734089e-03
1.1800,2.32143212e-01,7.96054886e-01,1.43058945e+00,2.09623878e+00,7.96054886e-03
1.2000,2.31825115e-01,7.98424884e-01,1.41675246e+00,2.12471220e+00,7.98424884e-03
1.2200,2.31506086e-01,8.00843755e-01,1.40291513e+00,2.15290888e+00,8.00843755e-03
1.2400,2.31186104e-01,8.03311155e-01,1.38908284e+00,2.18082886e+00,8.03311155e-03
1.2600,2.30865151e-01,8.05826721e-01,1.37526085e+00,2.20847229e+00,8.05826721e-03
1.2800,2.30543205e-01,8.08390075e-01,1.36145424e+00,2.23583944e+00,8.08390075e-03
1.3000,2.30220247e-01,8.11000818e-01,1.34766882e+00,2.26293067e+00,8.11000818e-03
1.3200,2.29896257e-01,8.13658534e-01,1.33425198e+00,2.28974988e+00,8.13658534e-03
1.3400,2.29571214e-01,8.16362789e-01,1.32122545e+00,2.31630466e+00,8.16362789e-03
1.3600,2.29245099e-01,8.19113127e-01,1.30877410e+00,2.34260465e+00,8.19113127e-03
1.3800,2.28917892e-01,8.21909075e-01,1.29663558e+00,2.36865875e+00,8.21909075e-03
1.4000,2.28589574e-01,8.24750137e-01,1.28625303e+00,2.39448764e+00,8.24750137e-03
1.4200,2.28260126e-01,8.27635800e-01,1.27886449e+00,2.42013881e+00,8.27635800e-03
1.4400,2.27929528e-01,8.30565529e-01,1.27326438e+00,2.44566010e+00,8.30565529e-03
1.4600,2.27597761e-01,8.33538765e-01,1.26943160e+00,2.47108706e+00,8.33538765e-03
1.4800,2.27264806e-01,8.36554933e-01,1.26787085e+00,2.49646008e+00,8.36554933e-03
1.5000,2.26930646e-01,8.39613432e-01,1.27743825e+00,2.52191317e+00,8.39613432e-03
1.5200,2.26595261e-01,8.42713642e-01,1.28692735e+00,2.54755683e+00,8.42713642e-03
1.5400,2.26258633e-01,8.45854922e-01,1.29703710e+00,2.57339648e+00,8.45854922e-03
1.5600,2.25920745e-01,8.49036606e-01,1.30816764e+00,2.59944852e+00,8.49036606e-03
1.5800,2.25581579e-01,8.52258008e-01,1.31923152e+00,2.62572251e+00,8.52258008e-03
1.6000,2.25241118e-01,8.55518422e-01,1.33022474e+00,2.65221708e+00,8.55518422e-03
1.6200,2.24899344e-01,8.58817117e-01,1.34114341e+00,2.67893076e+00,8.58817117e-03
1.6400,2.24556241e-01,8.62153342e-01,1.35198372e+00,2.70586203e+00,8.62153342e-03
1.6600,2.24211793e-01,8.65526323e-01,1.36274196e+00,2.73300929e+00,8.65526323e-03
1.6800,2.23865984e-01,8.68935267e-01,1.37341454e+00,2.76037085e+00,8.68935267e-03
1.7000,2.23518798e-01,8.72379357e-01,1.38399797e+00,2.78794498e+00,8.72379357e-03
1.7200,2.23170219e-01,8.75857757e-01,1.39552476e+00,2.81574020e+00,8.75857757e-03
1.7400,2.22820233e-01,8.79369609e-01,1.40797007e+00,2.84377515e+00,8.79369609e-03
1.7600,2.22468825e-01,8.82914035e-01,1.42033410e+00,2.87205819e+00,8.82914035e-03
1.7800,2.22115982e-01,8.86490138e-01,1.43261197e+00,2.90058765e+00,8.86490138e-03
1.8000,2.21761688e-01,8.90097002e-01,1.44479892e+00,2.92936176e+00,8.90097002e-03
1.8200,2.21405932e-01,8.93733689e-01,1.45689029e+00,2.95837866e+00,8.93733689e-03
1.8400,2.21048700e-01,8.97399246e-01,1.46888157e+00,2.98763637e+00,8.97399246e-03
1.8600,2.20689980e-01,9.01092702e-01,1.48076837e+00,3.01713287e+00,9.01092702e-03
1.8800,2.20329760e-01,9.04813066e-01,1.49254644e+00,3.04686602e+00,9.04813066e-03
1.9000,2.19968028e-01,9.08559335e-01,1.50481803e+00,3.07683967e+00,9.08559335e-03
1.9200,2.19604774e-01,9.12330488e-01,1.51871050e+00,3.10707495e+00,9.12330488e-03
1.9400,2.19239986e-01,9.16125490e-01,1.53249458e+00,3.13758700e+00,9.16125490e-03
1.9600,2.18873655e-01,9.19943291e-01,1.54616397e+00,3.16837359e+00,9.19943291e-03
1.9800,2.18505771e-01,9.23782829e-01,1.55971250e+00,3.19943235e+00,9.23782829e-03
2.0000,2.18136326e-01,9.27643032e-01,1.57313417e+00,3.23076082e+00,9.27643032e-03
2.0200,2.17765309e-01,9.31522813e-01,1.58642315e+00,3.26235639e+00,9.31522813e-03
2.0400,2.17392715e-01,9.35421079e-01,1.59957379e+00,3.29421636e+00,9.35421079e-03
2.0600,2.17018533e-01,9.39336725e-01,1.61258064e+00,3.32633791e+00,9.39336725e-03
2.0800,2.16642759e-01,9.43268639e-01,1.62543845e+00,3.35871810e+00,9.43268639e-03
2.1000,2.16265385e-01,9.47215704e-01,1.63904748e+00,3.39136296e+00,9.47215704e-03
2.1200,2.15886406e-01,9.51176794e-01,1.65426599e+00,3.42429609e+00,9.51176794e-03
2.1400,2.15505815e-01,9.55150782e-01,1.66931812e+00,3.45753193e+00,9.55150782e-03
2.1600,2.15123607e-01,9.59136535e-01,1.68419555e+00,3.49106707e+00,9.59136535e-03
2.1800,2.14739779e-01,9.63132918e-01,1.69889014e+00,3.52489793e+00,9.63132918e-03
2.2000,2.14354326e-01,9.67138797e-01,1.71339404e+00,3.55902077e+00,9.67138797e-03
2.2200,2.13967245e-01,9.71153034e-01,1.72769964e+00,3.59343170e+00,9.71153034e-03
2.2400,2.13578533e-01,9.75174495e-01,1.74179964e+00,3.62812670e+00,9.75174495e-03
2.2600,2.13188188e-01,9.79202048e-01,1.75568700e+00,3.66310156e+00,9.79202048e-03
2.2800,2.12796207e-01,9.83234564e-01,1.76935501e+00,3.69835198e+00,9.83234564e-03
2.3000,2.12402589e-01,9.87270917e-01,1.78279726e+00,3.73387351e+00,9.87270917e-03
2.3200,2.12007333e-01,9.91309988e-01,1.79600769e+00,3.76966156e+00,9.91309988e-03
2.3400,2.11610439e-01,9.95350665e-01,1.81123458e+00,3.80573398e+00,9.95350665e-03
2.3600,2.11211907e-01,9.99391841e-01,1.82686168e+00,3.84211494e+00,9.99391841e-03
2.3800,2.10811738e-01,1.00343242e+00,1.84399265e+00,3.87882348e+00,1.00343242e-02
2.4000,2.10409931e-01,1.00747131e+00,1.86100820e+00,3.91587349e+00,1.00747131e-02
2.4200,2.10006490e-01,1.01150745e+00,1.87790205e+00,3.95326260e+00,1.01150745e-02
2.4400,2.09601416e-01,1.01553975e+00,1.89466811e+00,3.99098830e+00,1.01553975e-02
2.4600,2.09194711e-01,1.01956718e+00,1.91130056e+00,4.02904798e+00,1.01956718e-02
2.4800,2.08786378e-01,1.02358868e+00,1.92779385e+00,4.06743893e+00,1.02358868e-02
2.5000,2.08376420e-01,1.02760323e+00,1.94414267e+00,4.10615829e+00,1.02760323e-02
2.5200,2.07964842e-01,1.03160981e+00,1.96034199e+00,4.14520314e+00,1.03160981e-02
2.5400,2.07551647e-01,1.03560744e+00,1.97638710e+00,4.18457043e+00,1.03560744e-02
2.5600,2.07136840e-01,1.03959512e+00,1.99364236e+00,4.22427072e+00,1.03959512e-02
2.5800,2.06720425e-01,1.04357189e+00,2.01182312e+00,4.26432538e+00,1.04357189e-02
2.6000,2.06302409e-01,1.04753680e+00,2.02977552e+00,4.30474137e+00,1.04753680e-02
2.6200,2.05882798e-01,1.05148892e+00,2.04749081e+00,4.34551403e+00,1.05148892e-02
2.6400,2.05461596e-01,1.05542733e+00,2.06496070e+00,4.38663854e+00,1.05542733e-02
2.6600,2.05038811e-01,1.05935114e+00,2.08217731e+00,4.42810992e+00,1.05935114e-02
2.6800,2.04614449e-01,1.06325947e+00,2.09913329e+00,4.46992303e+00,1.06325947e-02
2.7000,2.04188519e-01,1.06715145e+00,2.11582171e+00,4.51207258e+00,1.06715145e-02
2.7200,2.03761026e-01,1.07102626e+00,2.13223620e+00,4.55455316e+00,1.07102626e-02
2.7400,2.03331980e-01,1.07488306e+00,2.14837087e+00,4.59735923e+00,1.07488306e-02
2.7600,2.02901389e-01,1.07872105e+00,2.16422034e+00,4.64048514e+00,1.07872105e-02
2.7800,2.02469260e-01,1.08253945e+00,2.17977978e+00,4.68392514e+00,1.08253945e-02
2.8000,2.02035603e-01,1.08633750e+00,2.19504486e+00,4.72767339e+00,1.08633750e-02
2.8200,2.01600428e-01,1.09011446e+00,2.21003068e+00,4.77172415e+00,1.09011446e-02
2.8400,2.01163742e-01,1.09386959e+00,2.23152970e+00,4.81613975e+00,1.09386959e-02
2.8600,2.00725557e-01,1.09760220e+00,2.25287457e+00,4.86098379e+00,1.09760220e-02
2.8800,2.00285882e-01,1.10131160e+00,2.27405830e+00,4.90625312e+00,1.10131160e-02
2.9000,1.99844728e-01,1.10499712e+00,2.29507433e+00,4.95194445e+00,1.10499712e-02
2.9200,1.99402104e-01,1.10865812e+00,2.31591657e+00,4.99805436e+00,1.10865812e-02
2.9400,1.98958022e-01,1.11229397e+00,2.33657936e+00,5.04457932e+00,1.11229397e-02
2.9600,1.98512492e-01,1.11590406e+00,2.35705754e+00,5.09151568e+00,1.11590406e-02
2.9800,1.98065526e-01,1.11948781e+00,2.37734639e+00,5.13885972e+00,1.11948781e-02
3.0000,1.97617135e-01,1.12304464e+00,2.39744173e+00,5.18660760e+00,1.12304464e-02
3.0200,1.97167331e-01,1.12657400e+00,2.41733984e+00,5.23475542e+00,1.12657400e-02
3.0400,1.96716126e-01,1.13007536e+00,2.43703752e+00,5.28329919e+00,1.13007536e-02
3.0600,1.96263531e-01,1.13354820e+00,2.45653206e+00,5.33223489e+00,1.13354820e-02
3.0800,1.95809559e-01,1.13699202e+00,2.47582125e+00,5.38155842e+00,1.13699202e-02
3.1000,1.95354222e-01,1.14040634e+00,2.49490339e+00,5.43126567e+00,1.14040634e-02
3.1200,1.94897533e-01,1.14379071e+00,2.51377729e+00,5.48135248e+00,1.14379071e-02
3.1400,1.94439504e-01,1.14714467e+00,2.53244221e+00,5.53181467e+00,1.14714467e-02
3.1600,1.93980149e-01,1.15046779e+00,2.55089794e+00,5.58264807e+00,1.15046779e-02
3.1800,1.93519480e-01,1.15375967e+00,2.56914472e+00,5.63384850e+00,1.15375967e-02
3.2000,1.93057511e-01,1.15701989e+00,2.58718326e+00,5.68541178e+00,1.15701989e-02
3.2200,1.92594255e-01,1.16024808e+00,2.60501472e+00,5.73733376e+00,1.16024808e-02
3.2400,1.92129725e-01,1.16344388e+00,2.62264072e+00,5.78961031e+00,1.16344388e-02
3.2600,1.91663935e-01,1.16660693e+00,2.64006327e+00,5.84223735e+00,1.16660693e-02
3.2800,1.91196899e-01,1.16973689e+00,2.66142312e+00,5.89525222e+00,1.16973689e-02
3.3000,1.90728631e-01,1.17283344e+00,2.68655722e+00,5.94873202e+00,1.17283344e-02
3.3200,1.90259144e-01,1.17589627e+00,2.71159580e+00,6.00271355e+00,1.17589627e-02
3.3400,1.89788453e-01,1.17892508e+00,2.73653665e+00,6.05719488e+00,1.17892508e-02
3.3600,1.89316572e-01,1.18191960e+00,2.76137798e+00,6.11217402e+00,1.18191960e-02
3.3800,1.88843515e-01,1.18487955e+00,2.78611842e+00,6.16764899e+00,1.18487955e-02
3.4000,1.88369296e-01,1.18780468e+00,2.81075698e+00,6.22361774e+00,1.18780468e-02
3.4200,1.87893930e-01,1.19069474e+00,2.83529311e+00,6.28007824e+00,1.19069474e-02
3.4400,1.87417432e-01,1.19354949e+00,2.85972661e+00,6.33702844e+00,1.19354949e-02
3.4600,1.86939816e-01,1.19636873e+00,2.88405768e+00,6.39446628e+00,1.19636873e-02
3.4800,1.86461097e-01,1.19915223e+00,2.90828689e+00,6.45238973e+00,1.19915223e-02
3.5000,1.85981289e-01,1.20189980e+00,2.93241517e+00,6.51079675e+00,1.20189980e-02
3.5200,1.85500408e-01,1.20461125e+00,2.95644380e+00,6.56968534e+00,1.20461125e-02
3.5400,1.85018468e-01,1.20728641e+00,2.98037437e+00,6.62905352e+00,1.20728641e-02
3.5600,1.84535485e-01,1.20992509e+00,3.00420881e+00,6.68889935e+00,1.20992509e-02
3.5800,1.84051473e-01,1.21252716e+00,3.02794932e+00,6.74922093e+00,1.21252716e-02
3.6000,1.83566447e-01,1.21509245e+00,3.05159841e+00,6.81001641e+00,1.21509245e-02
3.6200,1.83080423e-01,1.21762083e+00,3.07515884e+00,6.87128398e+00,1.21762083e-02
3.6400,1.82593416e-01,1.22011216e+00,3.09863360e+00,6.93302191e+00,1.22011216e-02
3.6600,1.82105441e-01,1.22256633e+00,3.12202593e+00,6.99522850e+00,1.22256633e-02
3.6800,1.81616513e-01,1.22498322e+00,3.14533925e+00,7.05790215e+00,1.22498322e-02
3.7000,1.81126648e-01,1.22736272e+00,3.16857718e+00,7.12104132e+00,1.22736272e-02
3.7200,1.80635860e-01,1.22970473e+00,3.19174350e+00,7.18464452e+00,1.22970473e-02
3.7400,1.80144166e-01,1.23200916e+00,3.21484212e+00,7.24871038e+00,1.23200916e-02
3.7600,1.79651581e-01,1.23427592e+00,3.23787708e+00,7.31323757e+00,1.23427592e-02
3.7800,1.79158119e-01,1.23650493e+00,3.26085252e+00,7.37822487e+00,1.23650493e-02
3.8000,1.78663797e-01,1.23869613e+00,3.28377267e+00,7.44367112e+00,1.23869613e-02
3.8200,1.78168631e-01,1.24084944e+00,3.30664180e+00,7.50957526e+00,1.24084944e-02
3.8400,1.77672634e-01,1.24296479e+00,3.33151311e+00,7.57595681e+00,1.24296479e-02
3.8600,1.77175824e-01,1.24504215e+00,3.35770721e+00,7.64284902e+00,1.24504215e-02
3.8800,1.76678216e-01,1.24708144e+00,3.38400738e+00,7.71026616e+00,1.24708144e-02
3.9000,1.76179824e-01,1.24908263e+00,3.41041605e+00,7.77821040e+00,1.24908263e-02
3.9200,1.75680665e-01,1.25104566e+00,3.43693552e+00,7.84668391e+00,1.25104566e-02
3.9400,1.75180754e-01,1.25297051e+00,3.46356791e+00,7.91568895e+00,1.25297051e-02
3.9600,1.74680106e-01,1.25485712e+00,3.49031516e+00,7.98522778e+00,1.25485712e-02
3.9800,1.74178738e-01,1.25670547e+00,3.51717901e+00,8.05530272e+00,1.25670547e-02
4.0000,1.73676665e-01,1.25851553e+00,3.54416101e+00,8.12591612e+00,1.25851553e-02
4.0200,1.73173902e-01,1.26028726e+00,3.57126246e+00,8.19707035e+00,1.26028726e-02
4.0400,1.72670465e-01,1.26202063e+00,3.59848441e+00,8.26876782e+00,1.26202063e-02
4.0600,1.72166369e-01,1.26371563e+00,3.62582768e+00,8.34101094e+00,1.26371563e-02
4.0800,1.71661630e-01,1.26537222e+00,3.65329279e+00,8.41380215e+00,1.26537222e-02
4.1000,1.71156264e-01,1.26699038e+00,3.68087998e+00,8.48714388e+00,1.26699038e-02
4.1200,1.70650286e-01,1.26857008e+00,3.70858919e+00,8.56103857e+00,1.26857008e-02
4.1400,1.70143712e-01,1.27011131e+00,3.73642004e+00,8.63548866e+00,1.27011131e-02
4.1600,1.69636556e-01,1.27161403e+00,3.76437184e+00,8.71049658e+00,1.27161403e-02
4.1800,1.69128836e-01,1.27307821e+00,3.79285630e+00,8.78606886e+00,1.27307821e-02
4.2000,1.68620565e-01,1.27450383e+00,3.82220991e+00,8.86221952e+00,1.27450383e-02
4.2200,1.68111761e-01,1.27589087e+00,3.85148003e+00,8.93895642e+00,1.27589087e-02
4.2400,1.67602437e-01,1.27723928e+00,3.88066277e+00,9.01627785e+00,1.27723928e-02
4.2600,1.67092610e-01,1.27854904e+00,3.90975405e+00,9.09418202e+00,1.27854904e-02
4.2800,1.66582296e-01,1.27982011e+00,3.93874957e+00,9.17266705e+00,1.27982011e-02
4.3000,1.66071510e-01,1.28105245e+00,3.96764479e+00,9.25173100e+00,1.28105245e-02
4.3200,1.65560266e-01,1.28224602e+00,3.99643497e+00,9.33137180e+00,1.28224602e-02
4.3400,1.65048582e-01,1.28340077e+00,4.02511514e+00,9.41158730e+00,1.28340077e-02
4.3600,1.64536472e-01,1.28451666e+00,4.05368011e+00,9.49237525e+00,1.28451666e-02
4.3800,1.64023952e-01,1.28559363e+00,4.08212443e+00,9.57373329e+00,1.28559363e-02
4.4000,1.63511037e-01,1.28663162e+00,4.11044246e+00,9.65565896e+00,1.28663162e-02
4.4200,1.62997743e-01,1.28763058e+00,4.13862831e+00,9.73814967e+00,1.28763058e-02
4.4400,1.62484086e-01,1.28859043e+00,4.16712477e+00,9.82120720e+00,1.28859043e-02
4.4600,1.61970080e-01,1.28951112e+00,4.19655070e+00,9.90484396e+00,1.28951112e-02
4.4800,1.61455742e-01,1.29039255e+00,4.22603376e+00,9.98906980e+00,1.29039255e-02
4.5000,1.60941087e-01,1.29123467e+00,4.25556642e+00,1.00738858e+01,1.29123467e-02
4.5200,1.60426131e-01,1.29203737e+00,4.28514072e+00,1.01592929e+01,1.29203737e-02
4.5400,1.59910889e-01,1.29280057e+00,4.31474831e+00,1.02452918e+01,1.29280057e-02
4.5600,1.59395377e-01,1.29352418e+00,4.34438040e+00,1.03318831e+01,1.29352418e-02
4.5800,1.58879610e-01,1.29420810e+00,4.37402782e+00,1.04190671e+01,1.29420810e-02
4.6000,1.58363605e-01,1.29485223e+00,4.40368101e+00,1.05068442e+01,1.29485223e-02
4.6200,1.57847376e-01,1.29545645e+00,4.43333004e+00,1.05952143e+01,1.29545645e-02
4.6400,1.57330940e-01,1.29602066e+00,4.46296460e+00,1.06841773e+01,1.29602066e-02
4.6600,1.56814312e-01,1.29654474e+00,4.49257403e+00,1.07737327e+01,1.29654474e-02
4.6800,1.56297508e-01,1.29702857e+00,4.52214735e+00,1.08638799e+01,1.29702857e-02
4.7000,1.55780545e-01,1.29747202e+00,4.55167322e+00,1.09546181e+01,1.29747202e-02
4.7200,1.55263436e-01,1.29787498e+00,4.58114003e+00,1.10459462e+01,1.29787498e-02
4.7400,1.54746200e-01,1.29823729e+00,4.61053586e+00,1.11378630e+01,1.29823729e-02
4.7600,1.54228851e-01,1.29855884e+00,4.63984852e+00,1.12303668e+01,1.29855884e-02
4.7800,1.53711405e-01,1.29883949e+00,4.66906558e+00,1.13234560e+01,1.29883949e-02
4.8000,1.53193879e-01,1.29907908e+00,4.69817436e+00,1.14171284e+01,1.29907908e-02
4.8200,1.52676289e-01,1.29927750e+00,4.72716199e+00,1.15113817e+01,1.29927750e-02
4.8400,1.52158650e-01,1.29943457e+00,4.75601539e+00,1.16062135e+01,1.29943457e-02
4.8600,1.51640979e-01,1.29955018e+00,4.78472134e+00,1.17016209e+01,1.29955018e-02
4.8800,1.51123291e-01,1.29962416e+00,4.81326645e+00,1.17976007e+01,1.29962416e-02
4.9000,1.50605604e-01,1.29965637e+00,4.84163724e+00,1.18941498e+01,1.29965637e-02
4.9200,1.50087934e-01,1.29964667e+00,4.86982011e+00,1.19912644e+01,1.29964667e-02
4.9400,1.49570296e-01,1.29959490e+00,4.89780141e+00,1.20889406e+01,1.29959490e-02
4.9600,1.49052708e-01,1.29950092e+00,4.92556742e+00,1.21871743e+01,1.29950092e-02
4.9800,1.48535185e-01,1.29936460e+00,4.95310443e+00,1.22859610e+01,1.29936460e-02
5.0000,1.48017745e-01,1.29918577e+00,4.98039871e+00,1.23852960e+01,1.29918577e-02
5.0200,1.47500403e-01,1.29896432e+00,5.00743657e+00,1.24851744e+01,1.29896432e-02
5.0400,1.46983177e-01,1.29870008e+00,5.03420438e+00,1.25855908e+01,1.29870008e-02
5.0600,1.46466083e-01,1.29839294e+00,5.06068857e+00,1.26865397e+01,1.29839294e-02
5.0800,1.45949138e-01,1.29804275e+00,5.08687570e+00,1.27880153e+01,1.29804275e-02
5.1000,1.45432359e-01,1.29764940e+00,5.11275244e+00,1.28900116e+01,1.29764940e-02
5.1200,1.44915762e-01,1.29721275e+00,5.13830562e+00,1.29925222e+01,1.29721275e-02
5.1400,1.44399364e-01,1.29673269e+00,5.16352225e+00,1.30955405e+01,1.29673269e-02
5.1600,1.43883182e-01,1.29620910e+00,5.18838952e+00,1.31990596e+01,1.29620910e-02
5.1800,1.43367234e-01,1.29564188e+00,5.21289486e+00,1.33030724e+01,1.29564188e-02
5.2000,1.42851536e-01,1.29503093e+00,5.23702593e+00,1.34075717e+01,1.29503093e-02
5.2200,1.42336105e-01,1.29437614e+00,5.26077067e+00,1.35125496e+01,1.29437614e-02
5.2400,1.41820959e-01,1.29367744e+00,5.28411729e+00,1.36179985e+01,1.29367744e-02
5.2600,1.41306114e-01,1.29293473e+00,5.30705429e+00,1.37239102e+01,1.29293473e-02
5.2800,1.40791588e-01,1.29214796e+00,5.32957051e+00,1.38302765e+01,1.29214796e-02
5.3000,1.40277398e-01,1.29131704e+00,5.35165511e+00,1.39370887e+01,1.29131704e-02
5.3200,1.39763562e-01,1.29044192e+00,5.37329762e+00,1.40443382e+01,1.29044192e-02
5.3400,1.39250096e-01,1.28952256e+00,5.39448793e+00,1.41520161e+01,1.28952256e-02
5.3600,1.38737018e-01,1.28855892e+00,5.41521629e+00,1.42601131e+01,1.28855892e-02
5.3800,1.38224345e-01,1.28755096e+00,5.43547338e+00,1.43686200e+01,1.28755096e-02
5.4000,1.37712094e-01,1.28649866e+00,5.45525025e+00,1.44775273e+01,1.28649866e-02
5.4200,1.37200284e-01,1.28540202e+00,5.47453839e+00,1.45868252e+01,1.28540202e-02
5.4400,1.36688930e-01,1.28426102e+00,5.49332970e+00,1.46965038e+01,1.28426102e-02
5.4600,1.36178052e-01,1.28307569e+00,5.51161652e+00,1.48065533e+01,1.28307569e-02
5.4800,1.35667665e-01,1.28184603e+00,5.52939162e+00,1.49169634e+01,1.28184603e-02
5.5000,1.35157788e-01,1.28057208e+00,5.54664821e+00,1.50277238e+01,1.28057208e-02
5.5200,1.34648438e-01,1.27925389e+00,5.56337996e+00,1.51388241e+01,1.27925389e-02
5.5400,1.34139632e-01,1.27789149e+00,5.57958099e+00,1.52502537e+01,1.27789149e-02
5.5600,1.33631387e-01,1.27648496e+00,5.59524586e+00,1.53620019e+01,1.27648496e-02
5.5800,1.33123722e-01,1.27503437e+00,5.61036959e+00,1.54740581e+01,1.27503437e-02
5.6000,1.32616652e-01,1.27353980e+00,5.62494767e+00,1.55864113e+01,1.27353980e-02
5.6200,1.32110197e-01,1.27200134e+00,5.63897601e+00,1.56990505e+01,1.27200134e-02
5.6400,1.31604372e-01,1.27041912e+00,5.65245099e+00,1.58119648e+01,1.27041912e-02
5.6600,1.31099195e-01,1.26879324e+00,5.66536944e+00,1.59251430e+01,1.26879324e-02
5.6800,1.30594683e-01,1.26712384e+00,5.67772863e+00,1.60385740e+01,1.26712384e-02
5.7000,1.30090854e-01,1.26541106e+00,5.68952626e+00,1.61522465e+01,1.26541106e-02
5.7200,1.29587725e-01,1.26365505e+00,5.70076047e+00,1.62661494e+01,1.26365505e-02
5.7400,1.29085311e-01,1.26185599e+00,5.71142983e+00,1.63802713e+01,1.26185599e-02
5.7600,1.28583632e-01,1.26001404e+00,5.72153333e+00,1.64946009e+01,1.26001404e-02
5.7800,1.28082703e-01,1.25812940e+00,5.73107036e+00,1.66091270e+01,1.25812940e-02
5.8000,1.27582541e-01,1.25620226e+00,5.74004073e+00,1.67238381e+01,1.25620226e-02
5.8200,1.27083163e-01,1.25423284e+00,5.74844463e+00,1.68387229e+01,1.25423284e-02
5.8400,1.26584586e-01,1.25222136e+00,5.75628265e+00,1.69537702e+01,1.25222136e-02
5.8600,1.26086826e-01,1.25016806e+00,5.76355576e+00,1.70689686e+01,1.25016806e-02
5.8800,1.25589900e-01,1.24807318e+00,5.77026529e+00,1.71843068e+01,1.24807318e-02
5.9000,1.25093825e-01,1.24593697e+00,5.77641292e+00,1.72997736e+01,1.24593697e-02
5.9200,1.24598616e-01,1.24375971e+00,5.78200070e+00,1.74153577e+01,1.24375971e-02
5.9400,1.24104290e-01,1.24154168e+00,5.78703100e+00,1.75310480e+01,1.24154168e-02
5.9600,1.23610864e-01,1.23928316e+00,5.79150652e+00,1.76468334e+01,1.23928316e-02
5.9800,1.23118352e-01,1.23698445e+00,5.79543027e+00,1.77627028e+01,1.23698445e-02
6.0000,1.22626771e-01,1.23464587e+00,5.79880560e+00,1.78786451e+01,1.23464587e-02
