t,c_exp,r2_exp,slope_pow,r2_pow,kd
0.0000,8.038369e-02,0.122418,2.240418e+00,0.132981,2.0000
0.0200,5.616204e-02,0.067279,1.590311e+00,0.075437,2.0000
0.0400,2.845817e-02,0.021080,8.404583e-01,0.025711,2.0001
0.0600,-7.561942e-04,0.000018,5.005235e-02,0.000112,2.0001
0.0800,-3.046026e-02,0.034175,-7.507588e-01,0.029032,2.0002
0.1000,-5.964279e-02,0.137811,-1.536112e+00,0.127831,2.0003
0.1200,-8.872285e-02,0.288858,-2.315730e+00,0.275177,2.0005
0.1400,-1.169058e-01,0.446855,-3.069209e+00,0.430696,2.0007
0.1600,-1.429976e-01,0.573766,-3.763019e+00,0.555615,2.0009
0.1800,-1.657895e-01,0.660785,-4.365715e+00,0.640739,2.0011
0.2000,-1.872492e-01,0.725447,-4.933309e+00,0.704151,2.0014
0.2200,-2.075304e-01,0.776652,-5.471069e+00,0.754798,2.0017
0.2400,-2.295273e-01,0.821520,-6.058184e+00,0.800310,2.0020
0.2600,-2.771099e-01,0.903638,-7.372679e+00,0.894468,2.0023
0.2800,-3.951925e-01,0.850859,-1.067126e+01,0.867552,2.0027
0.3000,-5.691290e-01,0.780954,-1.552111e+01,0.812220,2.0031
0.3200,-7.917023e-01,0.766682,-2.168070e+01,0.804010,2.0035
0.3400,-1.056388e+00,0.789644,-2.893010e+01,0.828149,2.0040
0.3600,-1.349893e+00,0.832244,-3.687477e+01,0.868429,2.0045
0.3800,-1.641412e+00,0.877701,-4.467391e+01,0.909166,2.0050
0.4000,-1.926173e+00,0.921641,-5.218452e+01,0.945972,2.0055
0.4200,-2.175846e+00,0.958363,-5.867243e+01,0.974464,2.0061
0.4400,-2.352189e+00,0.982324,-6.317436e+01,0.990868,2.0066
0.4600,-2.446654e+00,0.995099,-6.551272e+01,0.997691,2.0073
0.4800,-2.454240e+00,0.998869,-6.561178e+01,0.998302,2.0079
0.5000,-2.409660e+00,0.999335,-6.438574e+01,0.997707,2.0086
0.5200,-2.345088e+00,0.999348,-6.265723e+01,0.997619,2.0093
0.5400,-2.281164e+00,0.999342,-6.094909e+01,0.997607,2.0100
0.5600,-2.219609e+00,0.999333,-5.930471e+01,0.997607,2.0107
0.5800,-2.160544e+00,0.999322,-5.772695e+01,0.997609,2.0115
0.6000,-2.103900e+00,0.999309,-5.621386e+01,0.997608,2.0123
0.6200,-2.049555e+00,0.999293,-5.476211e+01,0.997604,2.0131
0.6400,-1.997369e+00,0.999275,-5.336806e+01,0.997597,2.0140
0.6600,-1.947223e+00,0.999255,-5.202845e+01,0.997587,2.0149
0.6800,-1.899002e+00,0.999232,-5.074031e+01,0.997574,2.0158
0.7000,-1.852608e+00,0.999205,-4.950094e+01,0.997559,2.0167
0.7200,-1.807943e+00,0.999176,-4.830780e+01,0.997541,2.0177
0.7400,-1.764920e+00,0.999143,-4.715854e+01,0.997521,2.0187
0.7600,-1.723458e+00,0.999106,-4.605098e+01,0.997498,2.0197
0.7800,-1.683481e+00,0.999066,-4.498313e+01,0.997473,2.0207
0.8000,-1.644919e+00,0.999023,-4.395309e+01,0.997445,2.0218
0.8200,-1.607706e+00,0.998975,-4.295912e+01,0.997415,2.0229
0.8400,-1.571781e+00,0.998924,-4.199959e+01,0.997384,2.0240
0.8600,-1.537087e+00,0.998868,-4.107298e+01,0.997350,2.0252
0.8800,-1.503571e+00,0.998809,-4.017785e+01,0.997314,2.0264
0.9000,-1.471182e+00,0.998745,-3.931288e+01,0.997276,2.0276
0.9200,-1.439874e+00,0.998677,-3.847681e+01,0.997236,2.0288
0.9400,-1.409603e+00,0.998605,-3.766846e+01,0.997193,2.0301
0.9600,-1.380327e+00,0.998528,-3.688672e+01,0.997149,2.0314
0.9800,-1.352007e+00,0.998447,-3.613054e+01,0.997103,2.0328
1.0000,-1.324606e+00,0.998361,-3.539895e+01,0.997055,2.0341
1.0200,-1.298089e+00,0.998271,-3.469101e+01,0.997004,2.0355
1.0400,-1.272425e+00,0.998176,-3.400585e+01,0.996951,2.0369
1.0600,-1.247580e+00,0.998076,-3.334262e+01,0.996896,2.0384
1.0800,-1.223527e+00,0.997971,-3.270055e+01,0.996839,2.0398
1.1000,-1.200236e+00,0.997861,-3.207888e+01,0.996779,2.0414
1.1200,-1.177682e+00,0.997745,-3.147691e+01,0.996716,2.0429
1.1400,-1.155839e+00,0.997625,-3.089395e+01,0.996651,2.0445
1.1600,-1.134683e+00,0.997499,-3.032936e+01,0.996583,2.0461
1.1800,-1.114192e+00,0.997368,-2.978253e+01,0.996512,2.0477
1.2000,-1.094343e+00,0.997231,-2.925288e+01,0.996438,2.0493
1.2200,-1.075115e+00,0.997089,-2.873984e+01,0.996361,2.0510
1.2400,-1.056489e+00,0.996941,-2.824289e+01,0.996280,2.0528
1.2600,-1.038446e+00,0.996788,-2.776150e+01,0.996196,2.0545
1.2800,-1.020967e+00,0.996628,-2.729520e+01,0.996108,2.0563
1.3000,-1.004034e+00,0.996463,-2.684350e+01,0.996017,2.0581
1.3200,-9.876313e-01,0.996292,-2.640597e+01,0.995921,2.0600
1.3400,-9.717423e-01,0.996115,-2.598216e+01,0.995821,2.0618
1.3600,-9.563514e-01,0.995931,-2.557166e+01,0.995717,2.0637
1.3800,-9.414437e-01,0.995742,-2.517407e+01,0.995608,2.0657
1.4000,-9.270047e-01,0.995546,-2.478900e+01,0.995495,2.0677
1.4200,-9.130205e-01,0.995344,-2.441607e+01,0.995377,2.0697
1.4400,-8.994777e-01,0.995136,-2.405494e+01,0.995254,2.0717
1.4600,-8.863632e-01,0.994921,-2.370524e+01,0.995125,2.0738
1.4800,-8.736645e-01,0.994700,-2.336664e+01,0.994991,2.0759
1.5000,-8.613694e-01,0.994472,-2.303882e+01,0.994851,2.0781
1.5200,-8.494661e-01,0.994238,-2.272146e+01,0.994706,2.0803
1.5400,-8.379432e-01,0.993998,-2.241425e+01,0.994554,2.0825
1.5600,-8.267896e-01,0.993751,-2.211690e+01,0.994397,2.0847
1.5800,-8.159945e-01,0.993498,-2.182911e+01,0.994233,2.0870
1.6000,-8.055474e-01,0.993238,-2.155060e+01,0.994062,2.0894
1.6200,-7.954382e-01,0.992971,-2.128111e+01,0.993885,2.0917
1.6400,-7.856568e-01,0.992698,-2.102036e+01,0.993701,2.0941
1.6600,-7.761938e-01,0.992419,-2.076810e+01,0.993510,2.0966
1.6800,-7.670395e-01,0.992133,-2.052408e+01,0.993312,2.0990
1.7000,-7.581849e-01,0.991841,-2.028805e+01,0.993107,2.1016
1.7200,-7.496211e-01,0.991543,-2.005976e+01,0.992895,2.1041
1.7400,-7.413393e-01,0.991239,-1.983899e+01,0.992676,2.1067
1.7600,-7.333310e-01,0.990929,-1.962551e+01,0.992449,2.1093
1.7800,-7.255879e-01,0.990613,-1.941910e+01,0.992216,2.1120
1.8000,-7.181019e-01,0.990292,-1.921953e+01,0.991975,2.1147
1.8200,-7.108650e-01,0.989965,-1.902661e+01,0.991727,2.1175
1.8400,-7.038697e-01,0.989634,-1.884011e+01,0.991472,2.1203
1.8600,-6.971082e-01,0.989297,-1.865984e+01,0.991211,2.1231
1.8800,-6.905734e-01,0.988957,-1.848561e+01,0.990943,2.1260
1.9000,-6.842579e-01,0.988612,-1.831721e+01,0.990670,2.1289
1.9200,-6.781548e-01,0.988264,-1.815447e+01,0.990390,2.1319
1.9400,-6.722572e-01,0.987913,-1.799720e+01,0.990105,2.1349
1.9600,-6.665586e-01,0.987560,-1.784522e+01,0.989816,2.1380
1.9800,-6.610523e-01,0.987205,-1.769836e+01,0.989522,2.1411
2.0000,-6.557322e-01,0.986848,-1.755645e+01,0.989224,2.1442
2.0200,-6.505920e-01,0.986491,-1.741933e+01,0.988923,2.1474
2.0400,-6.456257e-01,0.986134,-1.728684e+01,0.988619,2.1507
2.0600,-6.408276e-01,0.985777,-1.715881e+01,0.988314,2.1540
2.0800,-6.361920e-01,0.985423,-1.703512e+01,0.988007,2.1573
2.1000,-6.317135e-01,0.985070,-1.691559e+01,0.987700,2.1607
2.1200,-6.273866e-01,0.984721,-1.680010e+01,0.987394,2.1641
2.1400,-6.232064e-01,0.984376,-1.668851e+01,0.987088,2.1676
2.1600,-6.191677e-01,0.984035,-1.658069e+01,0.986785,2.1712
2.1800,-6.152659e-01,0.983700,-1.647650e+01,0.986485,2.1747
2.2000,-6.114962e-01,0.983371,-1.637583e+01,0.986189,2.1784
2.2200,-6.078541e-01,0.983050,-1.627855e+01,0.985898,2.1821
2.2400,-6.043355e-01,0.982737,-1.618455e+01,0.985612,2.1858
2.2600,-6.009360e-01,0.982432,-1.609372e+01,0.985333,2.1896
2.2800,-5.976518e-01,0.982137,-1.600596e+01,0.985061,2.1935
2.3000,-5.944789e-01,0.981853,-1.592116e+01,0.984797,2.1974
2.3200,-5.914137e-01,0.981579,-1.583923e+01,0.984542,2.2014
2.3400,-5.884527e-01,0.981318,-1.576006e+01,0.984297,2.2054
2.3600,-5.855924e-01,0.981068,-1.568358e+01,0.984062,2.2095
2.3800,-5.828296e-01,0.980831,-1.560970e+01,0.983838,2.2136
2.4000,-5.801613e-01,0.980608,-1.553832e+01,0.983626,2.2179
2.4200,-5.775844e-01,0.980398,-1.546939e+01,0.983426,2.2221
2.4400,-5.750961e-01,0.980203,-1.540281e+01,0.983238,2.2265
2.4600,-5.726937e-01,0.980022,-1.533853e+01,0.983064,2.2309
2.4800,-5.703746e-01,0.979855,-1.527646e+01,0.982903,2.2353
2.5000,-5.681364e-01,0.979704,-1.521655e+01,0.982756,2.2398
2.5200,-5.659767e-01,0.979567,-1.515873e+01,0.982623,2.2444
2.5400,-5.638931e-01,0.979446,-1.510295e+01,0.982504,2.2491
2.5600,-5.618837e-01,0.979340,-1.504915e+01,0.982400,2.2538
2.5800,-5.599463e-01,0.979249,-1.499727e+01,0.982309,2.2586
2.6000,-5.580791e-01,0.979172,-1.494726e+01,0.982233,2.2635
2.6200,-5.562800e-01,0.979110,-1.489908e+01,0.982171,2.2684
2.6400,-5.545475e-01,0.979063,-1.485267e+01,0.982123,2.2734
2.6600,-5.528798e-01,0.979029,-1.480800e+01,0.982089,2.2785
2.6800,-5.512753e-01,0.979009,-1.476502e+01,0.982068,2.2836
2.7000,-5.497325e-01,0.979002,-1.472370e+01,0.982061,2.2888
2.7200,-5.482501e-01,0.979008,-1.468399e+01,0.982066,2.2941
2.7400,-5.468267e-01,0.979027,-1.464586e+01,0.982084,2.2995
2.7600,-5.454611e-01,0.979056,-1.460928e+01,0.982113,2.3050
2.7800,-5.441521e-01,0.979097,-1.457422e+01,0.982154,2.3105
2.8000,-5.428988e-01,0.979148,-1.454066e+01,0.982206,2.3161
2.8200,-5.417001e-01,0.979209,-1.450856e+01,0.982268,2.3218
2.8400,-5.405553e-01,0.979279,-1.447791e+01,0.982339,2.3276
2.8600,-5.394637e-01,0.979356,-1.444869e+01,0.982420,2.3335
2.8800,-5.384247e-01,0.979442,-1.442089e+01,0.982509,2.3395
2.9000,-5.374378e-01,0.979534,-1.439448e+01,0.982605,2.3455
2.9200,-5.365027e-01,0.979632,-1.436947e+01,0.982709,2.3516
2.9400,-5.356192e-01,0.979736,-1.434586e+01,0.982819,2.3579
2.9600,-5.347873e-01,0.979844,-1.432363e+01,0.982935,2.3642
2.9800,-5.340071e-01,0.979956,-1.430280e+01,0.983056,2.3706
3.0000,-5.332790e-01,0.980072,-1.428337e+01,0.983182,2.3771
3.0200,-5.326034e-01,0.980189,-1.426535e+01,0.983311,2.3837
3.0400,-5.319810e-01,0.980309,-1.424878e+01,0.983445,2.3904
3.0600,-5.314126e-01,0.980431,-1.423366e+01,0.983581,2.3972
3.0800,-5.308992e-01,0.980553,-1.422003e+01,0.983719,2.4041
3.1000,-5.304421e-01,0.980675,-1.420791e+01,0.983860,2.4111
3.1200,-5.300426e-01,0.980798,-1.419735e+01,0.984003,2.4182
3.1400,-5.297021e-01,0.980920,-1.418838e+01,0.984147,2.4255
3.1600,-5.294224e-01,0.981042,-1.418106e+01,0.984293,2.4328
3.1800,-5.292052e-01,0.981164,-1.417542e+01,0.984439,2.4402
3.2000,-5.290523e-01,0.981284,-1.417152e+01,0.984587,2.4478
3.2200,-5.289656e-01,0.981404,-1.416939e+01,0.984735,2.4554
3.2400,-5.289468e-01,0.981523,-1.416910e+01,0.984884,2.4632
3.2600,-5.289976e-01,0.981641,-1.417069e+01,0.985033,2.4711
3.2800,-5.291196e-01,0.981759,-1.417419e+01,0.985184,2.4791
3.3000,-5.293141e-01,0.981878,-1.417963e+01,0.985335,2.4872
3.3200,-5.295818e-01,0.981997,-1.418704e+01,0.985487,2.4955
3.3400,-5.299230e-01,0.982117,-1.419641e+01,0.985641,2.5046
3.3600,-5.303376e-01,0.982239,-1.420775e+01,0.985796,2.5144
3.3800,-5.308244e-01,0.982363,-1.422102e+01,0.985952,2.5239
3.4000,-5.313814e-01,0.982491,-1.423615e+01,0.986109,2.5330
3.4200,-5.320055e-01,0.982623,-1.425307e+01,0.986269,2.5418
3.4400,-5.326925e-01,0.982760,-1.427164e+01,0.986430,2.5504
3.4600,-5.334365e-01,0.982903,-1.429172e+01,0.986593,2.5587
3.4800,-5.342306e-01,0.983052,-1.431310e+01,0.986757,2.5667
3.5000,-5.350659e-01,0.983208,-1.433555e+01,0.986923,2.5745
3.5200,-5.359322e-01,0.983372,-1.435877e+01,0.987090,2.5821
3.5400,-5.368174e-01,0.983544,-1.438246e+01,0.987258,2.5894
3.5600,-5.377082e-01,0.983723,-1.440623e+01,0.987425,2.5966
3.5800,-5.385893e-01,0.983911,-1.442969e+01,0.987592,2.6035
3.6000,-5.394447e-01,0.984105,-1.445238e+01,0.987757,2.6102
3.6200,-5.402568e-01,0.984306,-1.447385e+01,0.987919,2.6168
3.6400,-5.410077e-01,0.984513,-1.449360e+01,0.988078,2.6231
3.6600,-5.416788e-01,0.984723,-1.451115e+01,0.988230,2.6293
3.6800,-5.422518e-01,0.984936,-1.452600e+01,0.988376,2.6354
3.7000,-5.427086e-01,0.985149,-1.453767e+01,0.988513,2.6412
3.7200,-5.430322e-01,0.985361,-1.454572e+01,0.988639,2.6470
3.7400,-5.432071e-01,0.985568,-1.454972e+01,0.988755,2.6525
3.7600,-5.432192e-01,0.985770,-1.454931e+01,0.988858,2.6580
3.7800,-5.430568e-01,0.985965,-1.454418e+01,0.988948,2.6633
3.8000,-5.427106e-01,0.986150,-1.453410e+01,0.989023,2.6685
3.8200,-5.421739e-01,0.986325,-1.451889e+01,0.989085,2.6735
3.8400,-5.414426e-01,0.986489,-1.449845e+01,0.989132,2.6785
3.8600,-5.405155e-01,0.986640,-1.447276e+01,0.989165,2.6833
3.8800,-5.393939e-01,0.986779,-1.444186e+01,0.989186,2.6880
3.9000,-5.380817e-01,0.986907,-1.440587e+01,0.989195,2.6926
3.9200,-5.365852e-01,0.987023,-1.436495e+01,0.989195,2.6971
3.9400,-5.349124e-01,0.987128,-1.431934e+01,0.989186,2.7015
3.9600,-5.330732e-01,0.987224,-1.426929e+01,0.989170,2.7058
3.9800,-5.310789e-01,0.987312,-1.421513e+01,0.989150,2.7100
4.0000,-5.289416e-01,0.987394,-1.415717e+01,0.989126,2.7142
4.0200,-5.266743e-01,0.987471,-1.409577e+01,0.989102,2.7182
4.0400,-5.242904e-01,0.987544,-1.403128e+01,0.989079,2.7221
4.0600,-5.218033e-01,0.987615,-1.396407e+01,0.989058,2.7260
4.0800,-5.192264e-01,0.987685,-1.389450e+01,0.989041,2.7298
4.1000,-5.165727e-01,0.987756,-1.382291e+01,0.989029,2.7335
4.1200,-5.138549e-01,0.987828,-1.374964e+01,0.989024,2.7371
4.1400,-5.110850e-01,0.987902,-1.367502e+01,0.989026,2.7407
4.1600,-5.082742e-01,0.987980,-1.359935e+01,0.989035,2.7442
4.1800,-5.054333e-01,0.988062,-1.352290e+01,0.989054,2.7476
4.2000,-5.025719e-01,0.988148,-1.344594e+01,0.989081,2.7510
4.2200,-4.996990e-01,0.988239,-1.336871e+01,0.989117,2.7543
4.2400,-4.968230e-01,0.988335,-1.329142e+01,0.989162,2.7575
4.2600,-4.939511e-01,0.988436,-1.321428e+01,0.989217,2.7607
4.2800,-4.910902e-01,0.988543,-1.313746e+01,0.989281,2.7638
4.3000,-4.882461e-01,0.988654,-1.306112e+01,0.989354,2.7668
4.3200,-4.854242e-01,0.988771,-1.298540e+01,0.989436,2.7698
4.3400,-4.826291e-01,0.988892,-1.291043e+01,0.989526,2.7727
4.3600,-4.798648e-01,0.989019,-1.283630e+01,0.989624,2.7756
4.3800,-4.771350e-01,0.989149,-1.276312e+01,0.989730,2.7784
4.4000,-4.744427e-01,0.989284,-1.269096e+01,0.989843,2.7812
4.4200,-4.717904e-01,0.989422,-1.261989e+01,0.989962,2.7839
4.4400,-4.691804e-01,0.989564,-1.254998e+01,0.990088,2.7866
4.4600,-4.666144e-01,0.989708,-1.248126e+01,0.990220,2.7892
4.4800,-4.640940e-01,0.989855,-1.241378e+01,0.990356,2.7918
4.5000,-4.616204e-01,0.990004,-1.234756e+01,0.990497,2.7944
4.5200,-4.591944e-01,0.990155,-1.228264e+01,0.990643,2.7968
4.5400,-4.568168e-01,0.990307,-1.221902e+01,0.990791,2.7993
4.5600,-4.544880e-01,0.990459,-1.215672e+01,0.990942,2.8017
4.5800,-4.522083e-01,0.990611,-1.209575e+01,0.991096,2.8040
4.6000,-4.499779e-01,0.990763,-1.203611e+01,0.991251,2.8064
4.6200,-4.477968e-01,0.990914,-1.197780e+01,0.991407,2.8086
4.6400,-4.456648e-01,0.991064,-1.192081e+01,0.991563,2.8109
4.6600,-4.435817e-01,0.991211,-1.186514e+01,0.991719,2.8131
4.6800,-4.415472e-01,0.991356,-1.181078e+01,0.991873,2.8152
4.7000,-4.395609e-01,0.991498,-1.175771e+01,0.992027,2.8173
4.7200,-4.376223e-01,0.991636,-1.170594e+01,0.992178,2.8194
4.7400,-4.357310e-01,0.991770,-1.165543e+01,0.992326,2.8215
4.7600,-4.338865e-01,0.991900,-1.160618e+01,0.992471,2.8235
4.7800,-4.320881e-01,0.992024,-1.155817e+01,0.992611,2.8254
4.8000,-4.303352e-01,0.992142,-1.151138e+01,0.992747,2.8274
4.8200,-4.286274e-01,0.992254,-1.146580e+01,0.992878,2.8293
4.8400,-4.269641e-01,0.992359,-1.142142e+01,0.993002,2.8311
4.8600,-4.253445e-01,0.992457,-1.137821e+01,0.993121,2.8330
4.8800,-4.237683e-01,0.992547,-1.133617e+01,0.993232,2.8348
4.9000,-4.222348e-01,0.992629,-1.129527e+01,0.993336,2.8365
4.9200,-4.207434e-01,0.992703,-1.125550e+01,0.993432,2.8383
4.9400,-4.192938e-01,0.992767,-1.121685e+01,0.993519,2.8400
4.9600,-4.178855e-01,0.992822,-1.117931e+01,0.993597,2.8417
4.9800,-4.165179e-01,0.992867,-1.114286e+01,0.993667,2.8433
5.0000,-4.151907e-01,0.992902,-1.110749e+01,0.993726,2.8449
5.0200,-4.139036e-01,0.992927,-1.107319e+01,0.993776,2.8465
5.0400,-4.126561e-01,0.992941,-1.103996e+01,0.993815,2.8481
5.0600,-4.114480e-01,0.992945,-1.100778e+01,0.993844,2.8496
5.0800,-4.102790e-01,0.992937,-1.097664e+01,0.993862,2.8511
5.1000,-4.091489e-01,0.992918,-1.094655e+01,0.993869,2.8525
5.1200,-4.080574e-01,0.992889,-1.091749e+01,0.993865,2.8540
5.1400,-4.070045e-01,0.992847,-1.088946e+01,0.993850,2.8554
5.1600,-4.059898e-01,0.992795,-1.086246e+01,0.993824,2.8568
5.1800,-4.050135e-01,0.992731,-1.083648e+01,0.993786,2.8581
5.2000,-4.040752e-01,0.992656,-1.081152e+01,0.993737,2.8595
5.2200,-4.031749e-01,0.992570,-1.078757e+01,0.993677,2.8608
5.2400,-4.023127e-01,0.992473,-1.076464e+01,0.993606,2.8621
5.2600,-4.014883e-01,0.992364,-1.074273e+01,0.993523,2.8633
5.2800,-4.007017e-01,0.992245,-1.072182e+01,0.993430,2.8645
5.3000,-3.999530e-01,0.992115,-1.070193e+01,0.993327,2.8657
5.3200,-3.992420e-01,0.991975,-1.068305e+01,0.993212,2.8669
5.3400,-3.985687e-01,0.991824,-1.066517e+01,0.993088,2.8681
5.3600,-3.979331e-01,0.991664,-1.064831e+01,0.992954,2.8692
5.3800,-3.973351e-01,0.991493,-1.063245e+01,0.992810,2.8703
5.4000,-3.967747e-01,0.991314,-1.061759e+01,0.992656,2.8714
5.4200,-3.962518e-01,0.991125,-1.060374e+01,0.992494,2.8725
5.4400,-3.957663e-01,0.990927,-1.059089e+01,0.992322,2.8735
5.4600,-3.953182e-01,0.990721,-1.057904e+01,0.992143,2.8745
5.4800,-3.949073e-01,0.990507,-1.056819e+01,0.991955,2.8755
5.5000,-3.945336e-01,0.990285,-1.055833e+01,0.991760,2.8765
5.5200,-3.941970e-01,0.990056,-1.054947e+01,0.991557,2.8774
5.5400,-3.938973e-01,0.989819,-1.054159e+01,0.991348,2.8783
5.5600,-3.936345e-01,0.989577,-1.053470e+01,0.991132,2.8792
5.5800,-3.934084e-01,0.989327,-1.052880e+01,0.990910,2.8801
5.6000,-3.932189e-01,0.989073,-1.052387e+01,0.990682,2.8810
5.6200,-3.930659e-01,0.988812,-1.051993e+01,0.990449,2.8818
5.6400,-3.929492e-01,0.988547,-1.051695e+01,0.990211,2.8827
5.6600,-3.928687e-01,0.988277,-1.051495e+01,0.989969,2.8835
5.6800,-3.928244e-01,0.988002,-1.051391e+01,0.989722,2.8842
5.7000,-3.928159e-01,0.987724,-1.051383e+01,0.989471,2.8850
5.7200,-3.928434e-01,0.987442,-1.051471e+01,0.989216,2.8857
5.7400,-3.929066e-01,0.987158,-1.051655e+01,0.988959,2.8865
5.7600,-3.930054e-01,0.986870,-1.051934e+01,0.988698,2.8872
5.7800,-3.931397e-01,0.986580,-1.052308e+01,0.988435,2.8879
5.8000,-3.933094e-01,0.986288,-1.052777e+01,0.988169,2.8885
5.8200,-3.935144e-01,0.985994,-1.053340e+01,0.987902,2.8892
5.8400,-3.937546e-01,0.985699,-1.053997e+01,0.987633,2.8898
5.8600,-3.940300e-01,0.985404,-1.054748e+01,0.987362,2.8904
5.8800,-3.943403e-01,0.985108,-1.055592e+01,0.987091,2.8910
5.9000,-3.946855e-01,0.984812,-1.056529e+01,0.986819,2.8916
5.9200,-3.950654e-01,0.984517,-1.057559e+01,0.986547,2.8922
5.9400,-3.954799e-01,0.984223,-1.058681e+01,0.986276,2.8927
5.9600,-3.959289e-01,0.983930,-1.059895e+01,0.986005,2.8933
5.9800,-3.964121e-01,0.983640,-1.061200e+01,0.985735,2.8938
6.0000,-3.969295e-01,0.983353,-1.062595e+01,0.985468,2.8943
