kind,family,x,pdf
cos1,GAU,-0.9524,4.983032e-01
cos2,GAU,-0.9524,5.043321e-01
cos3,GAU,-0.9524,4.996369e-01
cos1,GAU,-0.8571,4.986314e-01
cos2,GAU,-0.8571,5.020349e-01
cos3,GAU,-0.8571,4.991121e-01
cos1,GAU,-0.7619,4.991736e-01
cos2,GAU,-0.7619,5.010466e-01
cos3,GAU,-0.7619,4.996061e-01
cos1,GAU,-0.6667,4.979950e-01
cos2,GAU,-0.6667,5.005659e-01
cos3,GAU,-0.6667,4.983952e-01
cos1,GAU,-0.5714,4.994700e-01
cos2,GAU,-0.5714,5.002306e-01
cos3,GAU,-0.5714,5.000949e-01
cos1,GAU,-0.4762,4.989500e-01
cos2,GAU,-0.4762,4.989619e-01
cos3,GAU,-0.4762,5.001895e-01
cos1,GAU,-0.3810,5.011619e-01
cos2,GAU,-0.3810,4.989022e-01
cos3,GAU,-0.3810,5.004279e-01
cos1,GAU,-0.2857,5.004224e-01
cos2,GAU,-0.2857,4.985472e-01
cos3,GAU,-0.2857,5.005003e-01
cos1,GAU,-0.1905,4.998067e-01
cos2,GAU,-0.1905,4.984148e-01
cos3,GAU,-0.1905,5.019033e-01
cos1,GAU,-0.0952,5.005340e-01
cos2,GAU,-0.0952,4.989389e-01
cos3,GAU,-0.0952,5.034361e-01
cos1,GAU,-0.0000,5.004854e-01
cos2,GAU,-0.0000,4.985116e-01
cos3,GAU,-0.0000,5.031969e-01
cos1,GAU,0.0952,4.993505e-01
cos2,GAU,0.0952,4.991503e-01
cos3,GAU,0.0952,5.031068e-01
cos1,GAU,0.1905,4.988083e-01
cos2,GAU,0.1905,4.986255e-01
cos3,GAU,0.1905,5.019689e-01
cos1,GAU,0.2857,4.996035e-01
cos2,GAU,0.2857,4.994766e-01
cos3,GAU,0.2857,5.005592e-01
cos1,GAU,0.3810,4.996016e-01
cos2,GAU,0.3810,4.991529e-01
cos3,GAU,0.3810,5.002703e-01
cos1,GAU,0.4762,4.989096e-01
cos2,GAU,0.4762,5.004398e-01
cos3,GAU,0.4762,4.987916e-01
cos1,GAU,0.5714,5.001783e-01
cos2,GAU,0.5714,5.003393e-01
cos3,GAU,0.5714,4.992018e-01
cos1,GAU,0.6667,5.003723e-01
cos2,GAU,0.6667,4.999006e-01
cos3,GAU,0.6667,4.981697e-01
cos1,GAU,0.7619,5.025820e-01
cos2,GAU,0.7619,4.998034e-01
cos3,GAU,0.7619,4.982847e-01
cos1,GAU,0.8571,5.020053e-01
cos2,GAU,0.8571,5.020464e-01
cos3,GAU,0.8571,4.976812e-01
cos1,GAU,0.9524,5.036549e-01
cos2,GAU,0.9524,5.005785e-01
cos3,GAU,0.9524,4.954668e-01
alpha,GAU,-2.9268,0.000000e+00
alpha,GAU,-2.7805,0.000000e+00
alpha,GAU,-2.6341,0.000000e+00
alpha,GAU,-2.4878,0.000000e+00
alpha,GAU,-2.3415,0.000000e+00
alpha,GAU,-2.1951,0.000000e+00
alpha,GAU,-2.0488,0.000000e+00
alpha,GAU,-1.9024,3.861792e-06
alpha,GAU,-1.7561,9.895843e-06
alpha,GAU,-1.6098,5.285828e-05
alpha,GAU,-1.4634,3.745939e-04
alpha,GAU,-1.3171,1.627263e-03
alpha,GAU,-1.1707,6.367130e-03
alpha,GAU,-1.0244,2.162942e-02
alpha,GAU,-0.8780,6.227671e-02
alpha,GAU,-0.7317,1.503560e-01
alpha,GAU,-0.5854,3.068911e-01
alpha,GAU,-0.4390,5.316406e-01
alpha,GAU,-0.2927,7.873012e-01
alpha,GAU,-0.1463,1.000362e+00
alpha,GAU,-0.0000,1.081906e+00
alpha,GAU,0.1463,1.002470e+00
alpha,GAU,0.2927,7.958321e-01
alpha,GAU,0.4390,5.350919e-01
alpha,GAU,0.5854,3.054282e-01
alpha,GAU,0.7317,1.494497e-01
alpha,GAU,0.8780,6.241091e-02
alpha,GAU,1.0244,2.236798e-02
alpha,GAU,1.1707,7.025324e-03
alpha,GAU,1.3171,1.851247e-03
alpha,GAU,1.4634,4.776554e-04
alpha,GAU,1.6098,1.033029e-04
alpha,GAU,1.7561,2.148122e-05
alpha,GAU,1.9024,4.585878e-06
alpha,GAU,2.0488,0.000000e+00
alpha,GAU,2.1951,0.000000e+00
alpha,GAU,2.3415,0.000000e+00
alpha,GAU,2.4878,0.000000e+00
alpha,GAU,2.6341,0.000000e+00
alpha,GAU,2.7805,0.000000e+00
alpha,GAU,2.9268,0.000000e+00
cos1,DNS_t4,-0.9524,7.648655e-01
cos2,DNS_t4,-0.9524,1.295410e+00
cos3,DNS_t4,-0.9524,6.137153e-01
cos1,DNS_t4,-0.8571,3.516710e-01
cos2,DNS_t4,-0.8571,5.635851e-01
cos3,DNS_t4,-0.8571,5.123155e-01
cos1,DNS_t4,-0.7619,3.079970e-01
cos2,DNS_t4,-0.7619,4.014214e-01
cos3,DNS_t4,-0.7619,1.800130e-01
cos1,DNS_t4,-0.6667,2.487522e-01
cos2,DNS_t4,-0.6667,3.699002e-01
cos3,DNS_t4,-0.6667,1.636827e-01
cos1,DNS_t4,-0.5714,2.582465e-01
cos2,DNS_t4,-0.5714,3.824327e-01
cos3,DNS_t4,-0.5714,1.834310e-01
cos1,DNS_t4,-0.4762,3.209093e-01
cos2,DNS_t4,-0.4762,3.873698e-01
cos3,DNS_t4,-0.4762,2.426758e-01
cos1,DNS_t4,-0.3810,4.458550e-01
cos2,DNS_t4,-0.3810,3.725586e-01
cos3,DNS_t4,-0.3810,2.985026e-01
cos1,DNS_t4,-0.2857,6.080187e-01
cos2,DNS_t4,-0.2857,3.778754e-01
cos3,DNS_t4,-0.2857,4.177517e-01
cos1,DNS_t4,-0.1905,7.022027e-01
cos2,DNS_t4,-0.1905,3.812934e-01
cos3,DNS_t4,-0.1905,6.080187e-01
cos1,DNS_t4,-0.0952,7.792969e-01
cos2,DNS_t4,-0.0952,4.640842e-01
cos3,DNS_t4,-0.0952,9.684245e-01
cos1,DNS_t4,-0.0000,9.243707e-01
cos2,DNS_t4,-0.0000,5.081380e-01
cos3,DNS_t4,-0.0000,2.122938e+00
cos1,DNS_t4,0.0952,7.792969e-01
cos2,DNS_t4,0.0952,4.640842e-01
cos3,DNS_t4,0.0952,9.684245e-01
cos1,DNS_t4,0.1905,7.022027e-01
cos2,DNS_t4,0.1905,3.812934e-01
cos3,DNS_t4,0.1905,6.080187e-01
cos1,DNS_t4,0.2857,6.080187e-01
cos2,DNS_t4,0.2857,3.778754e-01
cos3,DNS_t4,0.2857,4.177517e-01
cos1,DNS_t4,0.3810,4.458550e-01
cos2,DNS_t4,0.3810,3.725586e-01
cos3,DNS_t4,0.3810,2.985026e-01
cos1,DNS_t4,0.4762,3.209093e-01
cos2,DNS_t4,0.4762,3.873698e-01
cos3,DNS_t4,0.4762,2.426758e-01
cos1,DNS_t4,0.5714,2.582465e-01
cos2,DNS_t4,0.5714,3.824327e-01
cos3,DNS_t4,0.5714,1.834310e-01
cos1,DNS_t4,0.6667,2.487522e-01
cos2,DNS_t4,0.6667,3.699002e-01
cos3,DNS_t4,0.6667,1.636827e-01
cos1,DNS_t4,0.7619,3.079970e-01
cos2,DNS_t4,0.7619,4.014214e-01
cos3,DNS_t4,0.7619,1.800130e-01
cos1,DNS_t4,0.8571,3.516710e-01
cos2,DNS_t4,0.8571,5.635851e-01
cos3,DNS_t4,0.8571,5.123155e-01
cos1,DNS_t4,0.9524,7.648655e-01
cos2,DNS_t4,0.9524,1.295410e+00
cos3,DNS_t4,0.9524,6.137153e-01
alpha,DNS_t4,-2.9268,0.000000e+00
alpha,DNS_t4,-2.7805,0.000000e+00
alpha,DNS_t4,-2.6341,0.000000e+00
alpha,DNS_t4,-2.4878,0.000000e+00
alpha,DNS_t4,-2.3415,0.000000e+00
alpha,DNS_t4,-2.1951,0.000000e+00
alpha,DNS_t4,-2.0488,0.000000e+00
alpha,DNS_t4,-1.9024,0.000000e+00
alpha,DNS_t4,-1.7561,0.000000e+00
alpha,DNS_t4,-1.6098,0.000000e+00
alpha,DNS_t4,-1.4634,0.000000e+00
alpha,DNS_t4,-1.3171,0.000000e+00
alpha,DNS_t4,-1.1707,0.000000e+00
alpha,DNS_t4,-1.0244,0.000000e+00
alpha,DNS_t4,-0.8780,8.897569e-03
alpha,DNS_t4,-0.7317,3.361304e-02
alpha,DNS_t4,-0.5854,9.194155e-02
alpha,DNS_t4,-0.4390,3.089434e-01
alpha,DNS_t4,-0.2927,8.788821e-01
alpha,DNS_t4,-0.1463,8.966773e-01
alpha,DNS_t4,-0.0000,9.559944e-01
alpha,DNS_t4,0.1463,1.104287e+00
alpha,DNS_t4,0.2927,1.034095e+00
alpha,DNS_t4,0.4390,6.747323e-01
alpha,DNS_t4,0.5854,2.540750e-01
alpha,DNS_t4,0.7317,1.739969e-01
alpha,DNS_t4,0.8780,1.730083e-01
alpha,DNS_t4,1.0244,1.146798e-01
alpha,DNS_t4,1.1707,6.969763e-02
alpha,DNS_t4,1.3171,4.349923e-02
alpha,DNS_t4,1.4634,1.334635e-02
alpha,DNS_t4,1.6098,2.965856e-03
alpha,DNS_t4,1.7561,0.000000e+00
alpha,DNS_t4,1.9024,0.000000e+00
alpha,DNS_t4,2.0488,0.000000e+00
alpha,DNS_t4,2.1951,0.000000e+00
alpha,DNS_t4,2.3415,0.000000e+00
alpha,DNS_t4,2.4878,0.000000e+00
alpha,DNS_t4,2.6341,0.000000e+00
alpha,DNS_t4,2.7805,0.000000e+00
alpha,DNS_t4,2.9268,0.000000e+00
cos1,DNS_t5,-0.9524,6.015625e-01
cos2,DNS_t5,-0.9524,1.115397e+00
cos3,DNS_t5,-0.9524,5.370009e-01
cos1,DNS_t5,-0.8571,3.410373e-01
cos2,DNS_t5,-0.8571,5.286458e-01
cos3,DNS_t5,-0.8571,6.319444e-01
cos1,DNS_t5,-0.7619,2.943251e-01
cos2,DNS_t5,-0.7619,5.058594e-01
cos3,DNS_t5,-0.7619,3.414171e-01
cos1,DNS_t5,-0.6667,3.026801e-01
cos2,DNS_t5,-0.6667,4.280056e-01
cos3,DNS_t5,-0.6667,2.358398e-01
cos1,DNS_t5,-0.5714,3.323025e-01
cos2,DNS_t5,-0.5714,4.496528e-01
cos3,DNS_t5,-0.5714,2.430556e-01
cos1,DNS_t5,-0.4762,4.063585e-01
cos2,DNS_t5,-0.4762,4.401584e-01
cos3,DNS_t5,-0.4762,2.552083e-01
cos1,DNS_t5,-0.3810,5.658637e-01
cos2,DNS_t5,-0.3810,3.843316e-01
cos3,DNS_t5,-0.3810,3.004015e-01
cos1,DNS_t5,-0.2857,6.091580e-01
cos2,DNS_t5,-0.2857,3.854709e-01
cos3,DNS_t5,-0.2857,3.680013e-01
cos1,DNS_t5,-0.1905,6.478950e-01
cos2,DNS_t5,-0.1905,3.915473e-01
cos3,DNS_t5,-0.1905,5.370009e-01
cos1,DNS_t5,-0.0952,7.185330e-01
cos2,DNS_t5,-0.0952,4.037001e-01
cos3,DNS_t5,-0.0952,9.186740e-01
cos1,DNS_t5,-0.0000,8.605686e-01
cos2,DNS_t5,-0.0000,4.344618e-01
cos3,DNS_t5,-0.0000,1.762912e+00
cos1,DNS_t5,0.0952,7.185330e-01
cos2,DNS_t5,0.0952,4.037001e-01
cos3,DNS_t5,0.0952,9.186740e-01
cos1,DNS_t5,0.1905,6.478950e-01
cos2,DNS_t5,0.1905,3.915473e-01
cos3,DNS_t5,0.1905,5.370009e-01
cos1,DNS_t5,0.2857,6.091580e-01
cos2,DNS_t5,0.2857,3.854709e-01
cos3,DNS_t5,0.2857,3.680013e-01
cos1,DNS_t5,0.3810,5.658637e-01
cos2,DNS_t5,0.3810,3.843316e-01
cos3,DNS_t5,0.3810,3.004015e-01
cos1,DNS_t5,0.4762,4.063585e-01
cos2,DNS_t5,0.4762,4.401584e-01
cos3,DNS_t5,0.4762,2.552083e-01
cos1,DNS_t5,0.5714,3.323025e-01
cos2,DNS_t5,0.5714,4.496528e-01
cos3,DNS_t5,0.5714,2.430556e-01
cos1,DNS_t5,0.6667,3.026801e-01
cos2,DNS_t5,0.6667,4.280056e-01
cos3,DNS_t5,0.6667,2.358398e-01
cos1,DNS_t5,0.7619,2.943251e-01
cos2,DNS_t5,0.7619,5.058594e-01
cos3,DNS_t5,0.7619,3.414171e-01
cos1,DNS_t5,0.8571,3.410373e-01
cos2,DNS_t5,0.8571,5.286458e-01
cos3,DNS_t5,0.8571,6.319444e-01
cos1,DNS_t5,0.9524,6.015625e-01
cos2,DNS_t5,0.9524,1.115397e+00
cos3,DNS_t5,0.9524,5.370009e-01
alpha,DNS_t5,-2.9268,0.000000e+00
alpha,DNS_t5,-2.7805,0.000000e+00
alpha,DNS_t5,-2.6341,0.000000e+00
alpha,DNS_t5,-2.4878,0.000000e+00
alpha,DNS_t5,-2.3415,0.000000e+00
alpha,DNS_t5,-2.1951,0.000000e+00
alpha,DNS_t5,-2.0488,0.000000e+00
alpha,DNS_t5,-1.9024,0.000000e+00
alpha,DNS_t5,-1.7561,0.000000e+00
alpha,DNS_t5,-1.6098,0.000000e+00
alpha,DNS_t5,-1.4634,0.000000e+00
alpha,DNS_t5,-1.3171,0.000000e+00
alpha,DNS_t5,-1.1707,0.000000e+00
alpha,DNS_t5,-1.0244,0.000000e+00
alpha,DNS_t5,-0.8780,1.087481e-02
alpha,DNS_t5,-0.7317,4.251061e-02
alpha,DNS_t5,-0.5854,1.235774e-01
alpha,DNS_t5,-0.4390,2.960913e-01
alpha,DNS_t5,-0.2927,9.569830e-01
alpha,DNS_t5,-0.1463,1.062271e+00
alpha,DNS_t5,-0.0000,9.090350e-01
alpha,DNS_t5,0.1463,1.079077e+00
alpha,DNS_t5,0.2927,1.278778e+00
alpha,DNS_t5,0.4390,4.448785e-01
alpha,DNS_t5,0.5854,1.725140e-01
alpha,DNS_t5,0.7317,1.225887e-01
alpha,DNS_t5,0.8780,1.112196e-01
alpha,DNS_t5,1.0244,6.475453e-02
alpha,DNS_t5,1.1707,4.844232e-02
alpha,DNS_t5,1.3171,3.954475e-02
alpha,DNS_t5,1.4634,3.559028e-02
alpha,DNS_t5,1.6098,2.619840e-02
alpha,DNS_t5,1.7561,6.920332e-03
alpha,DNS_t5,1.9024,1.482928e-03
alpha,DNS_t5,2.0488,0.000000e+00
alpha,DNS_t5,2.1951,0.000000e+00
alpha,DNS_t5,2.3415,0.000000e+00
alpha,DNS_t5,2.4878,0.000000e+00
alpha,DNS_t5,2.6341,0.000000e+00
alpha,DNS_t5,2.7805,0.000000e+00
alpha,DNS_t5,2.9268,0.000000e+00
cos1,DNS_t6,-0.9524,6.820747e-01
cos2,DNS_t6,-0.9524,1.104004e+00
cos3,DNS_t6,-0.9524,5.009223e-01
cos1,DNS_t6,-0.8571,3.357205e-01
cos2,DNS_t6,-0.8571,4.857313e-01
cos3,DNS_t6,-0.8571,6.581489e-01
cos1,DNS_t6,-0.7619,2.939453e-01
cos2,DNS_t6,-0.7619,3.733181e-01
cos3,DNS_t6,-0.7619,4.356011e-01
cos1,DNS_t6,-0.6667,2.707791e-01
cos2,DNS_t6,-0.6667,3.619249e-01
cos3,DNS_t6,-0.6667,2.590061e-01
cos1,DNS_t6,-0.5714,3.858507e-01
cos2,DNS_t6,-0.5714,4.131944e-01
cos3,DNS_t6,-0.5714,2.384983e-01
cos1,DNS_t6,-0.4762,5.252279e-01
cos2,DNS_t6,-0.4762,4.545898e-01
cos3,DNS_t6,-0.4762,2.479926e-01
cos1,DNS_t6,-0.3810,5.506727e-01
cos2,DNS_t6,-0.3810,4.595269e-01
cos3,DNS_t6,-0.3810,2.871094e-01
cos1,DNS_t6,-0.2857,5.461155e-01
cos2,DNS_t6,-0.2857,4.633247e-01
cos3,DNS_t6,-0.2857,3.482530e-01
cos1,DNS_t6,-0.1905,5.859918e-01
cos2,DNS_t6,-0.1905,4.412977e-01
cos3,DNS_t6,-0.1905,5.191515e-01
cos1,DNS_t6,-0.0952,6.589084e-01
cos2,DNS_t6,-0.0952,4.378798e-01
cos3,DNS_t6,-0.0952,9.642470e-01
cos1,DNS_t6,-0.0000,8.294271e-01
cos2,DNS_t6,-0.0000,5.104167e-01
cos3,DNS_t6,-0.0000,1.582140e+00
cos1,DNS_t6,0.0952,6.589084e-01
cos2,DNS_t6,0.0952,4.378798e-01
cos3,DNS_t6,0.0952,9.642470e-01
cos1,DNS_t6,0.1905,5.859918e-01
cos2,DNS_t6,0.1905,4.412977e-01
cos3,DNS_t6,0.1905,5.191515e-01
cos1,DNS_t6,0.2857,5.461155e-01
cos2,DNS_t6,0.2857,4.633247e-01
cos3,DNS_t6,0.2857,3.482530e-01
cos1,DNS_t6,0.3810,5.506727e-01
cos2,DNS_t6,0.3810,4.595269e-01
cos3,DNS_t6,0.3810,2.871094e-01
cos1,DNS_t6,0.4762,5.252279e-01
cos2,DNS_t6,0.4762,4.545898e-01
cos3,DNS_t6,0.4762,2.479926e-01
cos1,DNS_t6,0.5714,3.858507e-01
cos2,DNS_t6,0.5714,4.131944e-01
cos3,DNS_t6,0.5714,2.384983e-01
cos1,DNS_t6,0.6667,2.707791e-01
cos2,DNS_t6,0.6667,3.619249e-01
cos3,DNS_t6,0.6667,2.590061e-01
cos1,DNS_t6,0.7619,2.939453e-01
cos2,DNS_t6,0.7619,3.733181e-01
cos3,DNS_t6,0.7619,4.356011e-01
cos1,DNS_t6,0.8571,3.357205e-01
cos2,DNS_t6,0.8571,4.857313e-01
cos3,DNS_t6,0.8571,6.581489e-01
cos1,DNS_t6,0.9524,6.820747e-01
cos2,DNS_t6,0.9524,1.104004e+00
cos3,DNS_t6,0.9524,5.009223e-01
alpha,DNS_t6,-2.9268,0.000000e+00
alpha,DNS_t6,-2.7805,0.000000e+00
alpha,DNS_t6,-2.6341,0.000000e+00
alpha,DNS_t6,-2.4878,0.000000e+00
alpha,DNS_t6,-2.3415,0.000000e+00
alpha,DNS_t6,-2.1951,0.000000e+00
alpha,DNS_t6,-2.0488,0.000000e+00
alpha,DNS_t6,-1.9024,0.000000e+00
alpha,DNS_t6,-1.7561,0.000000e+00
alpha,DNS_t6,-1.6098,0.000000e+00
alpha,DNS_t6,-1.4634,0.000000e+00
alpha,DNS_t6,-1.3171,0.000000e+00
alpha,DNS_t6,-1.1707,9.886188e-04
alpha,DNS_t6,-1.0244,6.920332e-03
alpha,DNS_t6,-0.8780,1.433497e-02
alpha,DNS_t6,-0.7317,4.251061e-02
alpha,DNS_t6,-0.5854,1.057822e-01
alpha,DNS_t6,-0.4390,2.684100e-01
alpha,DNS_t6,-0.2927,8.838252e-01
alpha,DNS_t6,-0.1463,1.126037e+00
alpha,DNS_t6,-0.0000,8.670187e-01
alpha,DNS_t6,0.1463,1.245660e+00
alpha,DNS_t6,0.2927,1.202655e+00
alpha,DNS_t6,0.4390,4.068166e-01
alpha,DNS_t6,0.5854,1.873433e-01
alpha,DNS_t6,0.7317,1.487871e-01
alpha,DNS_t6,0.8780,1.161627e-01
alpha,DNS_t6,1.0244,6.129437e-02
alpha,DNS_t6,1.1707,4.844232e-02
alpha,DNS_t6,1.3171,3.954475e-02
alpha,DNS_t6,1.4634,3.410735e-02
alpha,DNS_t6,1.6098,1.927807e-02
alpha,DNS_t6,1.7561,7.414641e-03
alpha,DNS_t6,1.9024,0.000000e+00
alpha,DNS_t6,2.0488,0.000000e+00
alpha,DNS_t6,2.1951,0.000000e+00
alpha,DNS_t6,2.3415,0.000000e+00
alpha,DNS_t6,2.4878,0.000000e+00
alpha,DNS_t6,2.6341,0.000000e+00
alpha,DNS_t6,2.7805,0.000000e+00
alpha,DNS_t6,2.9268,0.000000e+00
cos1,SUR,-0.9524,4.959556e-01
cos2,SUR,-0.9524,5.646235e-01
cos3,SUR,-0.9524,4.565777e-01
cos1,SUR,-0.8571,4.892917e-01
cos2,SUR,-0.8571,5.336066e-01
cos3,SUR,-0.8571,4.659831e-01
cos1,SUR,-0.7619,4.913389e-01
cos2,SUR,-0.7619,5.184216e-01
cos3,SUR,-0.7619,4.830314e-01
cos1,SUR,-0.6667,4.916653e-01
cos2,SUR,-0.6667,5.100844e-01
cos3,SUR,-0.6667,4.979553e-01
cos1,SUR,-0.5714,5.019548e-01
cos2,SUR,-0.5714,4.962582e-01
cos3,SUR,-0.5714,5.045895e-01
cos1,SUR,-0.4762,5.011656e-01
cos2,SUR,-0.4762,4.841232e-01
cos3,SUR,-0.4762,5.110101e-01
cos1,SUR,-0.3810,5.100013e-01
cos2,SUR,-0.3810,4.786165e-01
cos3,SUR,-0.3810,5.098529e-01
cos1,SUR,-0.2857,5.161608e-01
cos2,SUR,-0.2857,4.725045e-01
cos3,SUR,-0.2857,5.147366e-01
cos1,SUR,-0.1905,5.200178e-01
cos2,SUR,-0.1905,4.724570e-01
cos3,SUR,-0.1905,5.223202e-01
cos1,SUR,-0.0952,5.228899e-01
cos2,SUR,-0.0952,4.721010e-01
cos3,SUR,-0.0952,5.292867e-01
cos1,SUR,-0.0000,5.203739e-01
cos2,SUR,-0.0000,4.713058e-01
cos3,SUR,-0.0000,5.293698e-01
cos1,SUR,0.0952,5.160065e-01
cos2,SUR,0.0952,4.710685e-01
cos3,SUR,0.0952,5.310966e-01
cos1,SUR,0.1905,5.070640e-01
cos2,SUR,0.1905,4.724808e-01
cos3,SUR,0.1905,5.200060e-01
cos1,SUR,0.2857,5.009520e-01
cos2,SUR,0.2857,4.764862e-01
cos3,SUR,0.2857,5.161964e-01
cos1,SUR,0.3810,4.942644e-01
cos2,SUR,0.3810,4.837909e-01
cos3,SUR,0.3810,5.095028e-01
cos1,SUR,0.4762,4.883185e-01
cos2,SUR,0.4762,4.831204e-01
cos3,SUR,0.4762,5.024829e-01
cos1,SUR,0.5714,4.876599e-01
cos2,SUR,0.5714,4.917009e-01
cos3,SUR,0.5714,4.926266e-01
cos1,SUR,0.6667,4.841173e-01
cos2,SUR,0.6667,5.036104e-01
cos3,SUR,0.6667,4.907752e-01
cos1,SUR,0.7619,4.860102e-01
cos2,SUR,0.7619,5.248066e-01
cos3,SUR,0.7619,4.751155e-01
cos1,SUR,0.8571,4.832094e-01
cos2,SUR,0.8571,5.438071e-01
cos3,SUR,0.8571,4.657516e-01
cos1,SUR,0.9524,4.915822e-01
cos2,SUR,0.9524,5.750258e-01
cos3,SUR,0.9524,4.717331e-01
alpha,SUR,-2.9268,0.000000e+00
alpha,SUR,-2.7805,0.000000e+00
alpha,SUR,-2.6341,0.000000e+00
alpha,SUR,-2.4878,0.000000e+00
alpha,SUR,-2.3415,0.000000e+00
alpha,SUR,-2.1951,0.000000e+00
alpha,SUR,-2.0488,7.723585e-06
alpha,SUR,-1.9024,2.317075e-05
alpha,SUR,-1.7561,6.565047e-05
alpha,SUR,-1.6098,3.398377e-04
alpha,SUR,-1.4634,1.714636e-03
alpha,SUR,-1.3171,4.309760e-03
alpha,SUR,-1.1707,8.878260e-03
alpha,SUR,-1.0244,2.281161e-02
alpha,SUR,-0.8780,5.669497e-02
alpha,SUR,-0.7317,1.296442e-01
alpha,SUR,-0.5854,2.629417e-01
alpha,SUR,-0.4390,4.920966e-01
alpha,SUR,-0.2927,7.805068e-01
alpha,SUR,-0.1463,1.036053e+00
alpha,SUR,-0.0000,1.146512e+00
alpha,SUR,0.1463,1.044074e+00
alpha,SUR,0.2927,7.961819e-01
alpha,SUR,0.4390,5.230064e-01
alpha,SUR,0.5854,2.935348e-01
alpha,SUR,0.7317,1.379934e-01
alpha,SUR,0.8780,5.999294e-02
alpha,SUR,1.0244,2.301242e-02
alpha,SUR,1.1707,9.059765e-03
alpha,SUR,1.3171,3.236182e-03
alpha,SUR,1.4634,6.371957e-04
alpha,SUR,1.6098,3.861792e-06
alpha,SUR,1.7561,0.000000e+00
alpha,SUR,1.9024,0.000000e+00
alpha,SUR,2.0488,0.000000e+00
alpha,SUR,2.1951,0.000000e+00
alpha,SUR,2.3415,0.000000e+00
alpha,SUR,2.4878,0.000000e+00
alpha,SUR,2.6341,0.000000e+00
alpha,SUR,2.7805,0.000000e+00
alpha,SUR,2.9268,0.000000e+00
