lab,test,value,verdict,note
L17,φ-алгебра (прил. Z.1): максимум остатка из 10 тождеств,4.440892098500626e-16,WIN,
L17,спектр Фибоначчи (табл. X.6): max |μ − φ| из 10 квадруплетов,0.0069660112501050975,WIN,
L17,монотонность Бине: |μ − φ| убывает с ростом индекса (нарушений),0.0,WIN,
L17,RG-отображение μ→1+1/μ: откл. скорости от 1/φ² ≈ 0.382,1.3712290880406585e-08,WIN,
L17,нулев. дрейф: редуцированное условие (Кассини) vs прямое (невязка),1.1802878748464264e-16,WIN,
L17,a·b·b·c: квадруплетов без решений нулевого дрейфа (из 6),6.0,WIN,
L17,"a·a·b·b: вырожденное семейство, φ-геометрия достижима (невязка)",1.282386484695645e-16,WIN,
L17,теорема C_s=0 (нечётность по x): max |C_s²| на симметричных,2.217780614073195e-18,WIN,
L17,"a·b·b·c: сканов с num < 0 (backscatter → C_s=null), из 42",42.0,WIN,
L17,"контрольные поля (пара 80/120, случайное): min C_s² > 0",3.7931886467994374e-05,WIN,
L17,тест мод (прил. Г): |ν̂(R₂)/ν_breath(D.5b) − 1|,0.7712437219515095,LOSS,
L17,"цепочка (D.6b)–(D.8): |τ_φ/322 − 1| при Γ₁=1, Γ₂=φ, R₂=1",14.241051513242317,LOSS,
L17,"DNS-мост, синтетика: |ρ̂/φ − 1| (восстановление известного ρ)",7.638046988067693e-05,WIN,
L17,"DNS-мост, TG 96³: срезов с квадруплетом 2+/2− (из 5)",5.0,WIN,
L17,кросс-язык Julia↔Python (ядро L17): max отн. откл.,nan,DRAW,julia tools/nsb_extra_research.jl phi17
