t,E,Omega,omega_inf,u_inf,eps,pal,S1,D2,I_BKM,c_exp,r2_exp,slope_pow,r2_pow,kd
0.0000,2.50000000e-01,7.50000000e-01,1.99678982e+00,9.98395196e-01,7.50000000e-03,6.75000000e+00,1.91415366e-20,4.50000000e-02,0.00000000e+00,-1.531397e-03,0.000067,-9.264881e-02,0.000330,2.0000
0.0200,2.49700176e-01,7.49131691e-01,1.99539370e+00,9.97927502e-01,7.49131691e-03,6.74492814e+00,3.11707503e-03,4.49528880e-02,3.99218352e-02,-2.235179e-02,0.014632,-6.572765e-01,0.016986,2.0000
0.0400,2.49400686e-01,7.48326376e-01,1.99360332e+00,9.97396682e-01,7.48326376e-03,6.74588563e+00,6.21908638e-03,4.49194793e-02,7.98118054e-02,-4.134555e-02,0.052819,-1.169746e+00,0.056761,2.0001
0.0600,2.49101506e-01,7.47583492e-01,1.99142160e+00,9.96803080e-01,7.47583492e-03,6.75284314e+00,9.30719890e-03,4.48996754e-02,1.19662055e-01,-6.097768e-02,0.119885,-1.697990e+00,0.124805,2.0001
0.0800,2.48802611e-01,7.46902502e-01,1.98885182e+00,9.96147185e-01,7.46902502e-03,6.76578585e+00,1.23825537e-02,4.48933922e-02,1.59464789e-01,-8.237288e-02,0.219113,-2.273403e+00,0.224073,2.0002
0.1000,2.48503976e-01,7.46282891e-01,1.98589755e+00,9.95429624e-01,7.46282891e-03,6.78471317e+00,1.54462677e-02,4.49005592e-02,1.99212283e-01,-1.043499e-01,0.334344,-2.864992e+00,0.338372,2.0003
0.1200,2.48205577e-01,7.45724171e-01,1.98256267e+00,9.94651164e-01,7.45724171e-03,6.80963864e+00,1.84994334e-02,4.49211191e-02,2.38896885e-01,-1.280672e-01,0.454973,-3.503935e+00,0.457256,2.0005
0.1400,2.47907389e-01,7.45225874e-01,1.97885132e+00,9.93812704e-01,7.45225874e-03,6.84058971e+00,2.15431186e-02,4.49550283e-02,2.78511025e-01,-1.515451e-01,0.563948,-4.134777e+00,0.563633,2.0007
0.1600,2.47609388e-01,7.44787555e-01,1.97476797e+00,9.92915268e-01,7.44787555e-03,6.87760771e+00,2.45783659e-02,4.50022558e-02,3.18047218e-01,-1.754410e-01,0.657357,-4.777254e+00,0.654384,2.0009
0.1800,2.47311551e-01,7.44408789e-01,1.97031734e+00,9.91960002e-01,7.44408789e-03,6.92074780e+00,2.76061927e-02,4.50627834e-02,3.57498071e-01,-1.977307e-01,0.726315,-5.375528e+00,0.720703,2.0011
0.2000,2.47013854e-01,7.44089174e-01,1.96550441e+00,9.90948166e-01,7.44089174e-03,6.97007895e+00,3.06275905e-02,4.51366054e-02,3.96856288e-01,-2.192736e-01,0.779628,-5.955398e+00,0.772100,2.0014
0.2200,2.46716273e-01,7.43828328e-01,1.96033442e+00,9.89881131e-01,7.43828328e-03,7.02568404e+00,3.36435251e-02,4.52237283e-02,4.36114677e-01,-2.390507e-01,0.820046,-6.488105e+00,0.811020,2.0017
0.2400,2.46418786e-01,7.43625886e-01,1.95481286e+00,9.88760364e-01,7.43625886e-03,7.08765994e+00,3.66549362e-02,4.53241710e-02,4.75266149e-01,-2.588292e-01,0.849955,-7.021974e+00,0.839895,2.0020
0.2600,2.46121368e-01,7.43481504e-01,1.94894546e+00,9.87587431e-01,7.43481504e-03,7.15611763e+00,3.96627371e-02,4.54379641e-02,5.14303733e-01,-2.782254e-01,0.876438,-7.549263e+00,0.866311,2.0023
0.2800,2.45823997e-01,7.43394854e-01,1.94273816e+00,9.86510778e-01,7.43394854e-03,7.23118237e+00,4.26678147e-02,4.55651501e-02,5.53220569e-01,-3.105196e-01,0.924963,-8.441615e+00,0.917772,2.0027
0.3000,2.45526650e-01,7.43365628e-01,1.93619712e+00,9.85525213e-01,7.43365628e-03,7.31299396e+00,4.56710291e-02,4.57057830e-02,5.92009922e-01,-3.999660e-01,0.959972,-1.097783e+01,0.970917,2.0031
0.3200,2.45229305e-01,7.43393533e-01,1.92932870e+00,9.84486631e-01,7.43393533e-03,7.40170696e+00,4.86732139e-02,4.58599285e-02,6.30665180e-01,-5.684341e-01,0.854691,-1.575065e+01,0.881014,2.0035
0.3400,2.44931939e-01,7.43478292e-01,1.92213946e+00,9.83396582e-01,7.43478292e-03,7.49749100e+00,5.16751756e-02,4.60276637e-02,6.69179861e-01,-8.106471e-01,0.809325,-2.255556e+01,0.841209,2.0040
0.3600,2.44634530e-01,7.43619643e-01,1.91463614e+00,9.82256695e-01,7.43619643e-03,7.60053112e+00,5.46776941e-02,4.62090768e-02,7.07547618e-01,-1.110955e+00,0.825238,-3.090572e+01,0.857435,2.0045
0.3800,2.44337055e-01,7.43817340e-01,1.90682562e+00,9.81068672e-01,7.43817340e-03,7.71102816e+00,5.76815221e-02,4.64042673e-02,7.45762235e-01,-1.430601e+00,0.863768,-3.970180e+01,0.893136,2.0050
0.4000,2.44039493e-01,7.44071149e-01,1.89871498e+00,9.79834281e-01,7.44071149e-03,7.82919914e+00,6.06873855e-02,4.66133457e-02,7.83817641e-01,-1.758002e+00,0.909517,-4.859133e+01,0.932882,2.0055
0.4200,2.43741822e-01,7.44380850e-01,1.89031141e+00,9.78555350e-01,7.44380850e-03,7.95527777e+00,6.36959831e-02,4.68364335e-02,8.21707905e-01,-2.055700e+00,0.951263,-5.656399e+01,0.966937,2.0061
0.4400,2.43444019e-01,7.44746235e-01,1.88162225e+00,9.77233758e-01,7.44746235e-03,8.08951493e+00,6.67079870e-02,4.70736631e-02,8.59427242e-01,-2.274844e+00,0.979406,-6.234507e+01,0.987645,2.0066
0.4600,2.43146065e-01,7.45167110e-01,1.87265496e+00,9.75871428e-01,7.45167110e-03,8.23217923e+00,6.97240424e-02,4.73251776e-02,8.96970014e-01,-2.401080e+00,0.994651,-6.560081e+01,0.996812,2.0073
0.4800,2.42847936e-01,7.45643287e-01,1.86341712e+00,9.74470320e-01,7.45643287e-03,8.38355762e+00,7.27447677e-02,4.75911308e-02,9.34330735e-01,-2.424941e+00,0.999038,-6.614355e+01,0.997911,2.0079
0.5000,2.42549613e-01,7.46174593e-01,1.85391638e+00,9.73032423e-01,7.46174593e-03,8.54395602e+00,7.57707548e-02,4.78716873e-02,9.71504070e-01,-2.386051e+00,0.999487,-6.504656e+01,0.997249,2.0086
0.5200,2.42251072e-01,7.46760861e-01,1.84416051e+00,9.71559751e-01,7.46760861e-03,8.71370004e+00,7.88025689e-02,4.81670221e-02,1.00848484e+00,-2.322571e+00,0.999489,-6.331264e+01,0.997145,2.0093
0.5400,2.41952295e-01,7.47401934e-01,1.83415734e+00,9.70054333e-01,7.47401934e-03,8.89313571e+00,8.18407492e-02,4.84773208e-02,1.04526802e+00,-2.259254e+00,0.999482,-6.158635e+01,0.997128,2.0100
0.5600,2.41653259e-01,7.48097663e-01,1.82391477e+00,9.68518209e-01,7.48097663e-03,9.08263032e+00,8.48858083e-02,4.88027793e-02,1.08184874e+00,-2.198198e+00,0.999473,-5.992217e+01,0.997125,2.0107
0.5800,2.41353943e-01,7.48847905e-01,1.81344074e+00,9.66953423e-01,7.48847905e-03,9.28257328e+00,8.79382332e-02,4.91436041e-02,1.11822229e+00,-2.139586e+00,0.999461,-5.832467e+01,0.997122,2.0115
0.6000,2.41054328e-01,7.49652523e-01,1.80274326e+00,9.65521149e-01,7.49652523e-03,9.49337703e+00,9.09984847e-02,4.95000118e-02,1.15438413e+00,-2.083367e+00,0.999448,-5.679237e+01,0.997116,2.0123
0.6200,2.40754392e-01,7.50511386e-01,1.79183034e+00,9.64103502e-01,7.50511386e-03,9.71547806e+00,9.40669985e-02,4.98722293e-02,1.19032987e+00,-2.029423e+00,0.999432,-5.532202e+01,0.997106,2.0131
0.6400,2.40454115e-01,7.51424367e-01,1.78071005e+00,9.62655234e-01,7.51424367e-03,9.94933797e+00,9.71441846e-02,5.02604939e-02,1.22605527e+00,-1.977617e+00,0.999413,-5.390990e+01,0.997091,2.0140
0.6600,2.40153475e-01,7.52391344e-01,1.76939044e+00,9.61178327e-01,7.52391344e-03,1.01954446e+01,1.00230428e-01,5.06650529e-02,1.26155628e+00,-1.927828e+00,0.999391,-5.255271e+01,0.997071,2.0149
0.6800,2.39852454e-01,7.53412196e-01,1.75787958e+00,9.59674762e-01,7.53412196e-03,1.04543133e+01,1.03326089e-01,5.10861638e-02,1.29682898e+00,-1.879943e+00,0.999365,-5.124743e+01,0.997048,2.0158
0.7000,2.39551030e-01,7.54486805e-01,1.74618552e+00,9.58146508e-01,7.54486805e-03,1.07264880e+01,1.06431502e-01,5.15240942e-02,1.33186963e+00,-1.833863e+00,0.999336,-4.999134e+01,0.997021,2.0167
0.7200,2.39249182e-01,7.55615053e-01,1.73431631e+00,9.56595523e-01,7.55615053e-03,1.10125428e+01,1.09546979e-01,5.19791218e-02,1.36667465e+00,-1.789493e+00,0.999303,-4.878184e+01,0.996989,2.0177
0.7400,2.38946891e-01,7.56796825e-01,1.72227996e+00,9.55023747e-01,7.56796825e-03,1.13130835e+01,1.12672807e-01,5.24515341e-02,1.40124061e+00,-1.746746e+00,0.999266,-4.761658e+01,0.996954,2.0187
0.7600,2.38644137e-01,7.58032004e-01,1.71008446e+00,9.53433097e-01,7.58032004e-03,1.16287488e+01,1.15809248e-01,5.29416289e-02,1.43556425e+00,-1.705539e+00,0.999224,-4.649335e+01,0.996915,2.0197
0.7800,2.38340898e-01,7.59320470e-01,1.69773773e+00,9.51825463e-01,7.59320470e-03,1.19602122e+01,1.18956541e-01,5.34497137e-02,1.46964248e+00,-1.665800e+00,0.999179,-4.541011e+01,0.996873,2.0207
0.8000,2.38037155e-01,7.60662104e-01,1.68524766e+00,9.50202705e-01,7.60662104e-03,1.23081835e+01,1.22114903e-01,5.39761061e-02,1.50347233e+00,-1.627458e+00,0.999129,-4.436498e+01,0.996827,2.0218
0.8200,2.37732887e-01,7.62056784e-01,1.67262209e+00,9.48566648e-01,7.62056784e-03,1.26734108e+01,1.25284526e-01,5.45211334e-02,1.53705103e+00,-1.590448e+00,0.999074,-4.335619e+01,0.996777,2.0229
0.8400,2.37428074e-01,7.63504381e-01,1.65986877e+00,9.46919081e-01,7.63504381e-03,1.30566824e+01,1.28465579e-01,5.50851327e-02,1.57037594e+00,-1.554710e+00,0.999015,-4.238209e+01,0.996724,2.0240
0.8600,2.37122697e-01,7.65004766e-01,1.64699539e+00,9.45261752e-01,7.65004766e-03,1.34588286e+01,1.31658209e-01,5.56684510e-02,1.60344458e+00,-1.520187e+00,0.998951,-4.144114e+01,0.996668,2.0252
0.8800,2.36816734e-01,7.66557802e-01,1.63400956e+00,9.43596366e-01,7.66557802e-03,1.38807240e+01,1.34862539e-01,5.62714449e-02,1.63625463e+00,-1.486828e+00,0.998882,-4.053193e+01,0.996609,2.0264
0.9000,2.36510165e-01,7.68163348e-01,1.62091880e+00,9.41924583e-01,7.68163348e-03,1.43232896e+01,1.38078673e-01,5.68944807e-02,1.66880391e+00,-1.454582e+00,0.998809,-3.965310e+01,0.996546,2.0276
0.9200,2.36202970e-01,7.69821254e-01,1.60773053e+00,9.40248015e-01,7.69821254e-03,1.47874952e+01,1.41306688e-01,5.75379343e-02,1.70109040e+00,-1.423404e+00,0.998730,-3.880340e+01,0.996480,2.0288
0.9400,2.35895129e-01,7.71531366e-01,1.59445209e+00,9.38568223e-01,7.71531366e-03,1.52743616e+01,1.44546642e-01,5.82021909e-02,1.73311223e+00,-1.393249e+00,0.998646,-3.798165e+01,0.996411,2.0301
0.9600,2.35586621e-01,7.73293518e-01,1.58109070e+00,9.36886717e-01,7.73293518e-03,1.57849633e+01,1.47798570e-01,5.88876453e-02,1.76486766e+00,-1.364079e+00,0.998557,-3.718673e+01,0.996339,2.0314
0.9800,2.35277427e-01,7.75107539e-01,1.56765348e+00,9.35204956e-01,7.75107539e-03,1.63204310e+01,1.51062487e-01,5.95947015e-02,1.79635510e+00,-1.335853e+00,0.998463,-3.641761e+01,0.996264,2.0328
1.0000,2.34967525e-01,7.76973246e-01,1.55414742e+00,9.33524341e-01,7.76973246e-03,1.68819540e+01,1.54338382e-01,6.03237726e-02,1.82757311e+00,-1.308537e+00,0.998363,-3.567330e+01,0.996186,2.0341
1.0200,2.34656895e-01,7.78890446e-01,1.54057941e+00,9.31846219e-01,7.78890446e-03,1.74707835e+01,1.57626228e-01,6.10752805e-02,1.85852038e+00,-1.282095e+00,0.998258,-3.495287e+01,0.996105,2.0355
1.0400,2.34345518e-01,7.80858937e-01,1.52695622e+00,9.30171880e-01,7.80858937e-03,1.80882351e+01,1.60925971e-01,6.18496563e-02,1.88919573e+00,-1.256497e+00,0.998147,-3.425544e+01,0.996020,2.0369
1.0600,2.34033372e-01,7.82878505e-01,1.51328448e+00,9.28502557e-01,7.82878505e-03,1.87356915e+01,1.64237540e-01,6.26473392e-02,1.91959814e+00,-1.231711e+00,0.998030,-3.358019e+01,0.995933,2.0384
1.0800,2.33720436e-01,7.84948921e-01,1.49957070e+00,9.26839423e-01,7.84948921e-03,1.94146060e+01,1.67560839e-01,6.34687772e-02,1.94972669e+00,-1.207708e+00,0.997908,-3.292633e+01,0.995841,2.0398
1.1000,2.33406692e-01,7.87069948e-01,1.48582125e+00,9.25183593e-01,7.87069948e-03,2.01265049e+01,1.70895754e-01,6.43144261e-02,1.97958061e+00,-1.184462e+00,0.997779,-3.229311e+01,0.995747,2.0414
1.1200,2.33092118e-01,7.89241331e-01,1.47204236e+00,9.23536123e-01,7.89241331e-03,2.08729909e+01,1.74242146e-01,6.51847496e-02,2.00915925e+00,-1.161947e+00,0.997644,-3.167983e+01,0.995649,2.0429
1.1400,2.32776693e-01,7.91462806e-01,1.45824015e+00,9.21898007e-01,7.91462806e-03,2.16557459e+01,1.77599858e-01,6.60802187e-02,2.03846207e+00,-1.140137e+00,0.997503,-3.108582e+01,0.995547,2.0445
1.1600,2.32460398e-01,7.93734089e-01,1.44442058e+00,9.20270181e-01,7.93734089e-03,2.24765343e+01,1.80968710e-01,6.70013117e-02,2.06748868e+00,-1.119010e+00,0.997355,-3.051043e+01,0.995441,2.0461
1.1800,2.32143212e-01,7.96054886e-01,1.43058945e+00,9.18653521e-01,7.96054886e-03,2.33372054e+01,1.84348501e-01,6.79485134e-02,2.09623878e+00,-1.098543e+00,0.997200,-2.995306e+01,0.995332,2.0477
1.2000,2.31825115e-01,7.98424884e-01,1.41675246e+00,9.17048841e-01,7.98424884e-03,2.42396972e+01,1.87739008e-01,6.89223148e-02,2.12471220e+00,-1.078715e+00,0.997039,-2.941313e+01,0.995219,2.0493
1.2200,2.31506086e-01,8.00843755e-01,1.40291513e+00,9.15472475e-01,8.00843755e-03,2.51860383e+01,1.91139987e-01,6.99232125e-02,2.15290888e+00,-1.059505e+00,0.996870,-2.889008e+01,0.995101,2.0510
1.2400,2.31186104e-01,8.03311155e-01,1.38908284e+00,9.13912910e-01,8.03311155e-03,2.61783513e+01,1.94551173e-01,7.09517082e-02,2.18082886e+00,-1.040895e+00,0.996695,-2.838339e+01,0.994979,2.0528
1.2600,2.30865151e-01,8.05826721e-01,1.37526085e+00,9.12363218e-01,8.05826721e-03,2.72188548e+01,1.97972280e-01,7.20083082e-02,2.20847229e+00,-1.022865e+00,0.996512,-2.789254e+01,0.994852,2.0545
1.2800,2.30543205e-01,8.08390075e-01,1.36145424e+00,9.10824194e-01,8.08390075e-03,2.83098661e+01,2.01403000e-01,7.30935224e-02,2.23583944e+00,-1.005399e+00,0.996321,-2.741706e+01,0.994721,2.0563
1.3000,2.30220247e-01,8.11000818e-01,1.34766882e+00,9.09296570e-01,8.11000818e-03,2.94538033e+01,2.04843002e-01,7.42078638e-02,2.26293067e+00,-9.884785e-01,0.996123,-2.695647e+01,0.994585,2.0581
1.3200,2.29896257e-01,8.13658534e-01,1.33425198e+00,9.07781025e-01,8.13658534e-03,3.06531867e+01,2.08291936e-01,7.53518475e-02,2.28974988e+00,-9.720876e-01,0.995917,-2.651034e+01,0.994443,2.0600
1.3400,2.29571214e-01,8.16362789e-01,1.32122545e+00,9.06278176e-01,8.16362789e-03,3.19106409e+01,2.11749430e-01,7.65259900e-02,2.31630466e+00,-9.562106e-01,0.995703,-2.607823e+01,0.994296,2.0618
1.3600,2.29245099e-01,8.19113127e-01,1.30877410e+00,9.04788585e-01,8.19113127e-03,3.32288953e+01,2.15215090e-01,7.77308083e-02,2.34260465e+00,-9.408325e-01,0.995480,-2.565973e+01,0.994144,2.0637
1.3800,2.28917892e-01,8.21909075e-01,1.29663558e+00,9.03312753e-01,8.21909075e-03,3.46107852e+01,2.18688500e-01,7.89668187e-02,2.36865875e+00,-9.259388e-01,0.995250,-2.525445e+01,0.993986,2.0657
1.4000,2.28589574e-01,8.24750137e-01,1.28625303e+00,9.01851128e-01,8.24750137e-03,3.60592516e+01,2.22169225e-01,8.02345359e-02,2.39448764e+00,-9.115155e-01,0.995010,-2.486199e+01,0.993822,2.0677
1.4200,2.28260126e-01,8.27635800e-01,1.27886449e+00,9.00404099e-01,8.27635800e-03,3.75773412e+01,2.25656807e-01,8.15344715e-02,2.42013881e+00,-8.975491e-01,0.994762,-2.448201e+01,0.993651,2.0697
1.4400,2.27929528e-01,8.30565529e-01,1.27326438e+00,8.98971997e-01,8.30565529e-03,3.91682049e+01,2.29150768e-01,8.28671336e-02,2.44566010e+00,-8.840266e-01,0.994505,-2.411413e+01,0.993474,2.0717
1.4600,2.27597761e-01,8.33538765e-01,1.26943160e+00,8.97555099e-01,8.33538765e-03,4.08350969e+01,2.32650607e-01,8.42330245e-02,2.47108706e+00,-8.709353e-01,0.994238,-2.375801e+01,0.993290,2.0738
1.4800,2.27264806e-01,8.36554933e-01,1.26787085e+00,8.96156241e-01,8.36554933e-03,4.25813715e+01,2.36155804e-01,8.56326401e-02,2.49646008e+00,-8.582631e-01,0.993963,-2.341332e+01,0.993099,2.0759
1.5000,2.26930646e-01,8.39613432e-01,1.27743825e+00,8.94788888e-01,8.39613432e-03,4.44104807e+01,2.39665820e-01,8.70664684e-02,2.52191317e+00,-8.459983e-01,0.993678,-2.307974e+01,0.992900,2.0781
1.5200,2.26595261e-01,8.42713642e-01,1.28692735e+00,8.93438609e-01,8.42713642e-03,4.63259699e+01,2.43180092e-01,8.85349878e-02,2.54755683e+00,-8.341294e-01,0.993383,-2.275696e+01,0.992694,2.0803
1.5400,2.26258633e-01,8.45854922e-01,1.29703710e+00,8.92105254e-01,8.45854922e-03,4.83314730e+01,2.46698041e-01,9.00386656e-02,2.57339648e+00,-8.226453e-01,0.993078,-2.244467e+01,0.992480,2.0825
1.5600,2.25920745e-01,8.49036606e-01,1.30816764e+00,8.90788619e-01,8.49036606e-03,5.04307071e+01,2.50219066e-01,9.15779567e-02,2.59944852e+00,-8.115352e-01,0.992763,-2.214258e+01,0.992258,2.0847
1.5800,2.25581579e-01,8.52258008e-01,1.31923152e+00,8.89488453e-01,8.52258008e-03,5.26274656e+01,2.53742548e-01,9.31533021e-02,2.62572251e+00,-8.007887e-01,0.992439,-2.185040e+01,0.992027,2.0870
1.6000,2.25241118e-01,8.55518422e-01,1.33022474e+00,8.88204455e-01,8.55518422e-03,5.49256107e+01,2.57267848e-01,9.47651266e-02,2.65221708e+00,-7.903956e-01,0.992103,-2.156785e+01,0.991788,2.0894
1.6200,2.24899344e-01,8.58817117e-01,1.34114341e+00,8.86936277e-01,8.58817117e-03,5.73290647e+01,2.60794312e-01,9.64138379e-02,2.67893076e+00,-7.803461e-01,0.991758,-2.129467e+01,0.991540,2.0917
1.6400,2.24556241e-01,8.62153342e-01,1.35198372e+00,8.85683522e-01,8.62153342e-03,5.98418008e+01,2.64321265e-01,9.80998244e-02,2.70586203e+00,-7.706304e-01,0.991402,-2.103059e+01,0.991283,2.0941
1.6600,2.24211793e-01,8.65526323e-01,1.36274196e+00,8.84445750e-01,8.65526323e-03,6.24678320e+01,2.67848017e-01,9.98234539e-02,2.73300929e+00,-7.612391e-01,0.991036,-2.077535e+01,0.991017,2.0966
1.6800,2.23865984e-01,8.68935267e-01,1.37341454e+00,8.83222473e-01,8.68935267e-03,6.52112002e+01,2.71373864e-01,1.01585072e-01,2.76037085e+00,-7.521631e-01,0.990658,-2.052870e+01,0.990741,2.0990
1.7000,2.23518798e-01,8.72379357e-01,1.38399797e+00,8.82013164e-01,8.72379357e-03,6.80759632e+01,2.74898082e-01,1.03384998e-01,2.78794498e+00,-7.433934e-01,0.990271,-2.029040e+01,0.990456,2.1016
1.7200,2.23170219e-01,8.75857757e-01,1.39552476e+00,8.80817251e-01,8.75857757e-03,7.10661818e+01,2.78419937e-01,1.05223529e-01,2.81574020e+00,-7.349213e-01,0.989873,-2.006021e+01,0.990161,2.1041
1.7400,2.22820233e-01,8.79369609e-01,1.40797007e+00,8.79634121e-01,8.79369609e-03,7.41859052e+01,2.81938679e-01,1.07100932e-01,2.84377515e+00,-7.267381e-01,0.989464,-1.983789e+01,0.989856,2.1067
1.7600,2.22468825e-01,8.82914035e-01,1.42033410e+00,8.78463125e-01,8.82914035e-03,7.74391560e+01,2.85453548e-01,1.09017445e-01,2.87205819e+00,-7.188356e-01,0.989045,-1.962321e+01,0.989542,2.1093
1.7800,2.22115982e-01,8.86490138e-01,1.43261197e+00,8.77303572e-01,8.86490138e-03,8.08299147e+01,2.88963769e-01,1.10973277e-01,2.90058765e+00,-7.112055e-01,0.988617,-1.941595e+01,0.989219,2.1120
1.8000,2.21761688e-01,8.90097002e-01,1.44479892e+00,8.76154739e-01,8.90097002e-03,8.43621031e+01,2.92468561e-01,1.12968601e-01,2.92936176e+00,-7.038398e-01,0.988178,-1.921590e+01,0.988885,2.1147
1.8200,2.21405932e-01,8.93733689e-01,1.45689029e+00,8.75015865e-01,8.93733689e-03,8.80395673e+01,2.95967131e-01,1.15003562e-01,2.95837866e+00,-6.967306e-01,0.987730,-1.902283e+01,0.988543,2.1175
1.8400,2.21048700e-01,8.97399246e-01,1.46888157e+00,8.73886158e-01,8.97399246e-03,9.18660608e+01,2.99458679e-01,1.17078264e-01,2.98763637e+00,-6.898703e-01,0.987272,-1.883654e+01,0.988192,2.1203
1.8600,2.20689980e-01,9.01092702e-01,1.48076837e+00,8.72764794e-01,9.01092702e-03,9.58452265e+01,3.02942399e-01,1.19192781e-01,3.01713287e+00,-6.832513e-01,0.986806,-1.865682e+01,0.987832,2.1231
1.8800,2.20329760e-01,9.04813066e-01,1.49254644e+00,8.71650920e-01,9.04813066e-03,9.99805790e+01,3.06417480e-01,1.21347144e-01,3.04686602e+00,-6.768663e-01,0.986332,-1.848346e+01,0.987464,2.1260
1.9000,2.19968028e-01,9.08559335e-01,1.50481803e+00,8.70543658e-01,9.08559335e-03,1.04275487e+02,3.09883107e-01,1.23541348e-01,3.07683967e+00,-6.707079e-01,0.985850,-1.831628e+01,0.987088,2.1289
1.9200,2.19604774e-01,9.12330488e-01,1.51871050e+00,8.69442100e-01,9.12330488e-03,1.08733156e+02,3.13338463e-01,1.25775351e-01,3.10707495e+00,-6.647692e-01,0.985362,-1.815508e+01,0.986705,2.1319
1.9400,2.19239986e-01,9.16125490e-01,1.53249458e+00,8.68345318e-01,9.16125490e-03,1.13356610e+02,3.16782729e-01,1.28049068e-01,3.13758700e+00,-6.590431e-01,0.984867,-1.799966e+01,0.986315,2.1349
1.9600,2.18873655e-01,9.19943291e-01,1.54616397e+00,8.67252362e-01,9.19943291e-03,1.18148676e+02,3.20215090e-01,1.30362374e-01,3.16837359e+00,-6.535228e-01,0.984367,-1.784984e+01,0.985920,2.1380
1.9800,2.18505771e-01,9.23782829e-01,1.55971250e+00,8.66162262e-01,9.23782829e-03,1.23111966e+02,3.23634730e-01,1.32715103e-01,3.19943235e+00,-6.482017e-01,0.983863,-1.770544e+01,0.985519,2.1411
2.0000,2.18136326e-01,9.27643032e-01,1.57313417e+00,8.65074034e-01,9.27643032e-03,1.28248865e+02,3.27040839e-01,1.35107049e-01,3.23076082e+00,-6.430732e-01,0.983356,-1.756628e+01,0.985114,2.1442
2.0200,2.17765309e-01,9.31522813e-01,1.58642315e+00,8.63986676e-01,9.31522813e-03,1.33561513e+02,3.30432613e-01,1.37537964e-01,3.26235639e+00,-6.381310e-01,0.982846,-1.743219e+01,0.984706,2.1474
2.0400,2.17392715e-01,9.35421079e-01,1.59957379e+00,8.62899175e-01,9.35421079e-03,1.39051794e+02,3.33809254e-01,1.40007558e-01,3.29421636e+00,-6.333686e-01,0.982335,-1.730299e+01,0.984296,2.1507
2.0600,2.17018533e-01,9.39336725e-01,1.61258064e+00,8.61810511e-01,9.39336725e-03,1.44721320e+02,3.37169974e-01,1.42515500e-01,3.32633791e+00,-6.287801e-01,0.981824,-1.717852e+01,0.983885,2.1540
2.0800,2.16642759e-01,9.43268639e-01,1.62543845e+00,8.60719652e-01,9.43268639e-03,1.50571428e+02,3.40513996e-01,1.45061418e-01,3.35871810e+00,-6.243595e-01,0.981314,-1.705860e+01,0.983473,2.1573
2.1000,2.16265385e-01,9.47215704e-01,1.63904748e+00,8.59625565e-01,9.47215704e-03,1.56603163e+02,3.43840554e-01,1.47644903e-01,3.39136296e+00,-6.201008e-01,0.980806,-1.694310e+01,0.983063,2.1607
2.1200,2.15886406e-01,9.51176794e-01,1.65426599e+00,8.58527212e-01,9.51176794e-03,1.62817275e+02,3.47148897e-01,1.50265501e-01,3.42429609e+00,-6.159984e-01,0.980303,-1.683183e+01,0.982655,2.1641
2.1400,2.15505815e-01,9.55150782e-01,1.66931812e+00,8.57423557e-01,9.55150782e-03,1.69214211e+02,3.50438290e-01,1.52922725e-01,3.45753193e+00,-6.120466e-01,0.979804,-1.672466e+01,0.982250,2.1676
2.1600,2.15123607e-01,9.59136535e-01,1.68419555e+00,8.56313566e-01,9.59136535e-03,1.75794114e+02,3.53708015e-01,1.55616047e-01,3.49106707e+00,-6.082401e-01,0.979312,-1.662144e+01,0.981850,2.1712
2.1800,2.14739779e-01,9.63132918e-01,1.69889014e+00,8.55196209e-01,9.63132918e-03,1.82556816e+02,3.56957371e-01,1.58344905e-01,3.52489793e+00,-6.045735e-01,0.978827,-1.652202e+01,0.981457,2.1747
2.2000,2.14354326e-01,9.67138797e-01,1.71339404e+00,8.54070467e-01,9.67138797e-03,1.89501843e+02,3.60185680e-01,1.61108702e-01,3.55902077e+00,-6.010417e-01,0.978352,-1.642625e+01,0.981070,2.1784
2.2200,2.13967245e-01,9.71153034e-01,1.72769964e+00,8.52935327e-01,9.71153034e-03,1.96628413e+02,3.63392285e-01,1.63906806e-01,3.59343170e+00,-5.976397e-01,0.977886,-1.633401e+01,0.980692,2.1821
2.2400,2.13578533e-01,9.75174495e-01,1.74179964e+00,8.51789792e-01,9.75174495e-03,2.03935444e+02,3.66576551e-01,1.66738556e-01,3.62812670e+00,-5.943627e-01,0.977433,-1.624516e+01,0.980323,2.1858
2.2600,2.13188188e-01,9.79202048e-01,1.75568700e+00,8.50632879e-01,9.79202048e-03,2.11421553e+02,3.69737869e-01,1.69603261e-01,3.66310156e+00,-5.912058e-01,0.976992,-1.615957e+01,0.979965,2.1896
2.2800,2.12796207e-01,9.83234564e-01,1.76935501e+00,8.49463621e-01,9.83234564e-03,2.19085073e+02,3.72875656e-01,1.72500201e-01,3.69835198e+00,-5.881645e-01,0.976565,-1.607712e+01,0.979619,2.1935
2.3000,2.12402589e-01,9.87270917e-01,1.78279726e+00,8.48281074e-01,9.87270917e-03,2.26924054e+02,3.75989356e-01,1.75428632e-01,3.73387351e+00,-5.852344e-01,0.976153,-1.599768e+01,0.979286,2.1974
2.3200,2.12007333e-01,9.91309988e-01,1.79600769e+00,8.47101787e-01,9.91309988e-03,2.34936278e+02,3.79078441e-01,1.78387786e-01,3.76966156e+00,-5.824111e-01,0.975757,-1.592114e+01,0.978966,2.2014
2.3400,2.11610439e-01,9.95350665e-01,1.81123458e+00,8.45944746e-01,9.95350665e-03,2.43119276e+02,3.82142414e-01,1.81376872e-01,3.80573398e+00,-5.796907e-01,0.975378,-1.584738e+01,0.978662,2.2054
2.3600,2.11211907e-01,9.99391841e-01,1.82686168e+00,8.44774767e-01,9.99391841e-03,2.51470335e+02,3.85180806e-01,1.84395084e-01,3.84211494e+00,-5.770689e-01,0.975017,-1.577630e+01,0.978373,2.2095
2.3800,2.10811738e-01,1.00343242e+00,1.84399265e+00,8.43590948e-01,1.00343242e-02,2.59986523e+02,3.88193183e-01,1.87441596e-01,3.87882348e+00,-5.745421e-01,0.974675,-1.570779e+01,0.978100,2.2136
2.4000,2.10409931e-01,1.00747131e+00,1.86100820e+00,8.42392411e-01,1.00747131e-02,2.68664702e+02,3.91179140e-01,1.90515570e-01,3.91587349e+00,-5.721065e-01,0.974353,-1.564174e+01,0.977845,2.2179
2.4200,2.10006490e-01,1.01150745e+00,1.87790205e+00,8.41178301e-01,1.01150745e-02,2.77501549e+02,3.94138309e-01,1.93616156e-01,3.95326260e+00,-5.697585e-01,0.974050,-1.557807e+01,0.977607,2.2221
2.4400,2.09601416e-01,1.01553975e+00,1.89466811e+00,8.39947788e-01,1.01553975e-02,2.86493576e+02,3.97070354e-01,1.96742493e-01,3.99098830e+00,-5.674947e-01,0.973769,-1.551668e+01,0.977387,2.2265
2.4600,2.09194711e-01,1.01956718e+00,1.91130056e+00,8.38700075e-01,1.01956718e-02,2.95637154e+02,3.99974972e-01,1.99893716e-01,4.02904798e+00,-5.653118e-01,0.973508,-1.545747e+01,0.977186,2.2309
2.4800,2.08786378e-01,1.02358868e+00,1.92779385e+00,8.37434392e-01,1.02358868e-02,3.04928534e+02,4.02851898e-01,2.03068955e-01,4.06743893e+00,-5.632066e-01,0.973268,-1.540036e+01,0.977004,2.2353
2.5000,2.08376420e-01,1.02760323e+00,1.94414267e+00,8.36150002e-01,1.02760323e-02,3.14363873e+02,4.05700901e-01,2.06267337e-01,4.10615829e+00,-5.611762e-01,0.973050,-1.534528e+01,0.976840,2.2398
2.5200,2.07964842e-01,1.03160981e+00,1.96034199e+00,8.34846201e-01,1.03160981e-02,3.23939253e+02,4.08521787e-01,2.09487990e-01,4.14520314e+00,-5.592177e-01,0.972854,-1.529214e+01,0.976696,2.2444
2.5400,2.07551647e-01,1.03560744e+00,1.97638710e+00,8.33522322e-01,1.03560744e-02,3.33650714e+02,4.11314396e-01,2.12730047e-01,4.18457043e+00,-5.573282e-01,0.972679,-1.524086e+01,0.976570,2.2491
2.5600,2.07136840e-01,1.03959512e+00,1.99364236e+00,8.32177733e-01,1.03959512e-02,3.43494273e+02,4.14078607e-01,2.15992643e-01,4.22427072e+00,-5.555053e-01,0.972526,-1.519137e+01,0.976463,2.2538
2.5800,2.06720425e-01,1.04357189e+00,2.01182312e+00,8.30811838e-01,1.04357189e-02,3.53465950e+02,4.16814333e-01,2.19274924e-01,4.26432538e+00,-5.537464e-01,0.972394,-1.514362e+01,0.976376,2.2586
2.6000,2.06302409e-01,1.04753680e+00,2.02977552e+00,8.29424084e-01,1.04753680e-02,3.63561799e+02,4.19521525e-01,2.22576043e-01,4.30474137e+00,-5.520490e-01,0.972283,-1.509752e+01,0.976306,2.2635
2.6200,2.05882798e-01,1.05148892e+00,2.04749081e+00,8.28013953e-01,1.05148892e-02,3.73777925e+02,4.22200170e-01,2.25895165e-01,4.34551403e+00,-5.504111e-01,0.972193,-1.505303e+01,0.976255,2.2684
2.6400,2.05461596e-01,1.05542733e+00,2.06496070e+00,8.26580970e-01,1.05542733e-02,3.84110518e+02,4.24850289e-01,2.29231471e-01,4.38663854e+00,-5.488304e-01,0.972123,-1.501008e+01,0.976221,2.2734
2.6600,2.05038811e-01,1.05935114e+00,2.08217731e+00,8.25124700e-01,1.05935114e-02,3.94555872e+02,4.27471942e-01,2.32584156e-01,4.42810992e+00,-5.473049e-01,0.972072,-1.496862e+01,0.976204,2.2785
2.6800,2.04614449e-01,1.06325947e+00,2.09913329e+00,8.23644748e-01,1.06325947e-02,4.05110411e+02,4.30065221e-01,2.35952432e-01,4.46992303e+00,-5.458328e-01,0.972041,-1.492860e+01,0.976204,2.2836
2.7000,2.04188519e-01,1.06715145e+00,2.11582171e+00,8.22140763e-01,1.06715145e-02,4.15770713e+02,4.32630256e-01,2.39335530e-01,4.51207258e+00,-5.444123e-01,0.972028,-1.488997e+01,0.976220,2.2888
2.7200,2.03761026e-01,1.07102626e+00,2.13223620e+00,8.20612434e-01,1.07102626e-02,4.26533534e+02,4.35167209e-01,2.42732705e-01,4.55455316e+00,-5.430416e-01,0.972033,-1.485268e+01,0.976251,2.2941
2.7400,2.03331980e-01,1.07488306e+00,2.14837087e+00,8.19059493e-01,1.07488306e-02,4.37395829e+02,4.37676276e-01,2.46143229e-01,4.59735923e+00,-5.417194e-01,0.972054,-1.481670e+01,0.976296,2.2995
2.7600,2.02901389e-01,1.07872105e+00,2.16422034e+00,8.17481713e-01,1.07872105e-02,4.48354775e+02,4.40157687e-01,2.49566402e-01,4.64048514e+00,-5.404441e-01,0.972092,-1.478198e+01,0.976355,2.3050
2.7800,2.02469260e-01,1.08253945e+00,2.17977978e+00,8.15878908e-01,1.08253945e-02,4.59407788e+02,4.42611704e-01,2.53001545e-01,4.68392514e+00,-5.392145e-01,0.972144,-1.474849e+01,0.976427,2.3105
2.8000,2.02035603e-01,1.08633750e+00,2.19504486e+00,8.14250936e-01,1.08633750e-02,4.70552546e+02,4.45038620e-01,2.56448006e-01,4.72767339e+00,-5.380294e-01,0.972211,-1.471620e+01,0.976511,2.3161
2.8200,2.01600428e-01,1.09011446e+00,2.21003068e+00,8.12597692e-01,1.09011446e-02,4.81787004e+02,4.47438758e-01,2.59905161e-01,4.77172415e+00,-5.368877e-01,0.972291,-1.468508e+01,0.976605,2.3218
2.8400,2.01163742e-01,1.09386959e+00,2.23152970e+00,8.10919114e-01,1.09386959e-02,4.93109412e+02,4.49812473e-01,2.63372410e-01,4.81613975e+00,-5.357885e-01,0.972384,-1.465510e+01,0.976710,2.3276
2.8600,2.00725557e-01,1.09760220e+00,2.25287457e+00,8.09224642e-01,1.09760220e-02,5.04518333e+02,4.52160146e-01,2.66849184e-01,4.86098379e+00,-5.347310e-01,0.972487,-1.462626e+01,0.976825,2.3335
2.8800,2.00285882e-01,1.10131160e+00,2.27405830e+00,8.07535412e-01,1.10131160e-02,5.16012649e+02,4.54482187e-01,2.70334941e-01,4.90625312e+00,-5.337145e-01,0.972601,-1.459851e+01,0.976947,2.3395
2.9000,1.99844728e-01,1.10499712e+00,2.29507433e+00,8.05877742e-01,1.10499712e-02,5.27591584e+02,4.56779032e-01,2.73829167e-01,4.95194445e+00,-5.327387e-01,0.972724,-1.457187e+01,0.977077,2.3455
2.9200,1.99402104e-01,1.10865812e+00,2.31591657e+00,8.04215998e-01,1.10865812e-02,5.39254706e+02,4.59051142e-01,2.77331379e-01,4.99805436e+00,-5.318030e-01,0.972856,-1.454631e+01,0.977214,2.3516
2.9400,1.98958022e-01,1.11229397e+00,2.33657936e+00,8.02545941e-01,1.11229397e-02,5.51001942e+02,4.61299003e-01,2.80841122e-01,5.04457932e+00,-5.309072e-01,0.972995,-1.452183e+01,0.977357,2.3579
2.9600,1.98512492e-01,1.11590406e+00,2.35705754e+00,8.00947489e-01,1.11590406e-02,5.62833582e+02,4.63523122e-01,2.84357970e-01,5.09151568e+00,-5.300515e-01,0.973141,-1.449843e+01,0.977504,2.3642
2.9800,1.98065526e-01,1.11948781e+00,2.37734639e+00,7.99322277e-01,1.11948781e-02,5.74750289e+02,4.65724030e-01,2.87881525e-01,5.13885972e+00,-5.292358e-01,0.973292,-1.447611e+01,0.977656,2.3706
3.0000,1.97617135e-01,1.12304464e+00,2.39744173e+00,7.97670406e-01,1.12304464e-02,5.86753101e+02,4.67902277e-01,2.91411420e-01,5.18660760e+00,-5.284605e-01,0.973449,-1.445489e+01,0.977811,2.3771
3.0200,1.97167331e-01,1.12657400e+00,2.41733984e+00,7.96061744e-01,1.12657400e-02,5.98843435e+02,4.70058430e-01,2.94947316e-01,5.23475542e+00,-5.277261e-01,0.973609,-1.443478e+01,0.977969,2.3837
3.0400,1.96716126e-01,1.13007536e+00,2.43703752e+00,7.94504616e-01,1.13007536e-02,6.11023086e+02,4.72193078e-01,2.98488899e-01,5.28329919e+00,-5.270333e-01,0.973772,-1.441580e+01,0.978129,2.3904
3.0600,1.96263531e-01,1.13354820e+00,2.45653206e+00,7.92920011e-01,1.13354820e-02,6.23294231e+02,4.74306821e-01,3.02035886e-01,5.33223489e+00,-5.263830e-01,0.973938,-1.439798e+01,0.978290,2.3972
3.0800,1.95809559e-01,1.13699202e+00,2.47582125e+00,7.91308094e-01,1.13699202e-02,6.35659422e+02,4.76400277e-01,3.05588018e-01,5.38155842e+00,-5.257763e-01,0.974106,-1.438134e+01,0.978453,2.4041
3.1000,1.95354222e-01,1.14040634e+00,2.49490339e+00,7.89669065e-01,1.14040634e-02,6.48121588e+02,4.78474075e-01,3.09145063e-01,5.43126567e+00,-5.252145e-01,0.974276,-1.436592e+01,0.978616,2.4111
3.1200,1.94897533e-01,1.14379071e+00,2.51377729e+00,7.88105607e-01,1.14379071e-02,6.60684021e+02,4.80528858e-01,3.12706814e-01,5.48135248e+00,-5.246991e-01,0.974447,-1.435176e+01,0.978780,2.4182
3.1400,1.94439504e-01,1.14714467e+00,2.53244221e+00,7.86588303e-01,1.14714467e-02,6.73350379e+02,4.82565277e-01,3.16273086e-01,5.53181467e+00,-5.242318e-01,0.974618,-1.433892e+01,0.978944,2.4255
3.1600,1.93980149e-01,1.15046779e+00,2.55089794e+00,7.85042898e-01,1.15046779e-02,6.86124668e+02,4.84583992e-01,3.19843720e-01,5.58264807e+00,-5.238146e-01,0.974791,-1.432744e+01,0.979108,2.4328
3.1800,1.93519480e-01,1.15375967e+00,2.56914472e+00,7.83469631e-01,1.15375967e-02,6.99011238e+02,4.86585672e-01,3.23418576e-01,5.63384850e+00,-5.234496e-01,0.974963,-1.431739e+01,0.979271,2.4402
3.2000,1.93057511e-01,1.15701989e+00,2.58718326e+00,7.81868776e-01,1.15701989e-02,7.12014765e+02,4.88570988e-01,3.26997536e-01,5.68541178e+00,-5.231388e-01,0.975136,-1.430881e+01,0.979435,2.4478
3.2200,1.92594255e-01,1.16024808e+00,2.60501472e+00,7.80240634e-01,1.16024808e-02,7.25140243e+02,4.90540618e-01,3.30580502e-01,5.73733376e+00,-5.228848e-01,0.975310,-1.430179e+01,0.979599,2.4554
3.2400,1.92129725e-01,1.16344388e+00,2.62264072e+00,7.78652663e-01,1.16344388e-02,7.38392965e+02,4.92495241e-01,3.34167390e-01,5.78961031e+00,-5.226900e-01,0.975484,-1.429638e+01,0.979764,2.4632
3.2600,1.91663935e-01,1.16660693e+00,2.64006327e+00,7.77168156e-01,1.16660693e-02,7.51778506e+02,4.94435537e-01,3.37758139e-01,5.84223735e+00,-5.225568e-01,0.975660,-1.429266e+01,0.979929,2.4711
3.2800,1.91196899e-01,1.16973689e+00,2.66142312e+00,7.75655188e-01,1.16973689e-02,7.65302705e+02,4.96362185e-01,3.41352697e-01,5.89525222e+00,-5.224876e-01,0.975837,-1.429068e+01,0.980095,2.4791
3.3000,1.90728631e-01,1.17283344e+00,2.68655722e+00,7.74114082e-01,1.17283344e-02,7.78971644e+02,4.98275862e-01,3.44951029e-01,5.94873202e+00,-5.224847e-01,0.976016,-1.429051e+01,0.980263,2.4872
3.3200,1.90259144e-01,1.17589627e+00,2.71159580e+00,7.72545194e-01,1.17589627e-02,7.92791629e+02,5.00177241e-01,3.48553113e-01,6.00271355e+00,-5.225502e-01,0.976198,-1.429221e+01,0.980433,2.4955
3.3400,1.89788453e-01,1.17892508e+00,2.73653665e+00,7.70948902e-01,1.17892508e-02,8.06769162e+02,5.02066989e-01,3.52158934e-01,6.05719488e+00,-5.226858e-01,0.976383,-1.429582e+01,0.980605,2.5046
3.3600,1.89316572e-01,1.18191960e+00,2.76137798e+00,7.69325613e-01,1.18191960e-02,8.20910921e+02,5.03945768e-01,3.55768491e-01,6.11217402e+00,-5.228927e-01,0.976572,-1.430138e+01,0.980780,2.5144
3.3800,1.88843515e-01,1.18487955e+00,2.78611842e+00,7.67675756e-01,1.18487955e-02,8.35223731e+02,5.05814227e-01,3.59381786e-01,6.16764899e+00,-5.231717e-01,0.976766,-1.430889e+01,0.980959,2.5239
3.4000,1.88369296e-01,1.18780468e+00,2.81075698e+00,7.66113178e-01,1.18780468e-02,8.49714540e+02,5.07673010e-01,3.62998831e-01,6.22361774e+00,-5.235226e-01,0.976965,-1.431836e+01,0.981142,2.5330
3.4200,1.87893930e-01,1.19069474e+00,2.83529311e+00,7.64621627e-01,1.19069474e-02,8.64390388e+02,5.09522744e-01,3.66619641e-01,6.28007824e+00,-5.239443e-01,0.977171,-1.432976e+01,0.981329,2.5418
3.4400,1.87417432e-01,1.19354949e+00,2.85972661e+00,7.63102099e-01,1.19354949e-02,8.79258376e+02,5.11364048e-01,3.70244232e-01,6.33702844e+00,-5.244347e-01,0.977383,-1.434301e+01,0.981521,2.5504
3.4600,1.86939816e-01,1.19636873e+00,2.88405768e+00,7.61555027e-01,1.19636873e-02,8.94325641e+02,5.13197523e-01,3.73872625e-01,6.39446628e+00,-5.249904e-01,0.977604,-1.435803e+01,0.981718,2.5587
3.4800,1.86461097e-01,1.19915223e+00,2.90828689e+00,7.59980866e-01,1.19915223e-02,9.09599320e+02,5.15023753e-01,3.77504840e-01,6.45238973e+00,-5.256065e-01,0.977832,-1.437467e+01,0.981920,2.5667
3.5000,1.85981289e-01,1.20189980e+00,2.93241517e+00,7.58380092e-01,1.20189980e-02,9.25086517e+02,5.16843307e-01,3.81140893e-01,6.51079675e+00,-5.262764e-01,0.978069,-1.439277e+01,0.982126,2.5745
3.5200,1.85500408e-01,1.20461125e+00,2.95644380e+00,7.56753199e-01,1.20461125e-02,9.40794275e+02,5.18656732e-01,3.84780800e-01,6.56968534e+00,-5.269923e-01,0.978315,-1.441208e+01,0.982337,2.5821
3.5400,1.85018468e-01,1.20728641e+00,2.98037437e+00,7.55100697e-01,1.20728641e-02,9.56729538e+02,5.20464558e-01,3.88424571e-01,6.62905352e+00,-5.277440e-01,0.978569,-1.443234e+01,0.982552,2.5894
3.5600,1.84535485e-01,1.20992509e+00,3.00420881e+00,7.53423114e-01,1.20992509e-02,9.72899117e+02,5.22267288e-01,3.92072211e-01,6.68889935e+00,-5.285200e-01,0.978831,-1.445322e+01,0.982769,2.5966
3.5800,1.84051473e-01,1.21252716e+00,3.02794932e+00,7.51720991e-01,1.21252716e-02,9.89309658e+02,5.24065407e-01,3.95723718e-01,6.74922093e+00,-5.293070e-01,0.979101,-1.447436e+01,0.982988,2.6035
3.6000,1.83566447e-01,1.21509245e+00,3.05159841e+00,7.50173132e-01,1.21509245e-02,1.00596761e+03,5.25859371e-01,3.99379080e-01,6.81001641e+00,-5.300899e-01,0.979378,-1.449534e+01,0.983207,2.6102
3.6200,1.83080423e-01,1.21762083e+00,3.07515884e+00,7.48635816e-01,1.21762083e-02,1.02287917e+03,5.27649613e-01,4.03038278e-01,6.87128398e+00,-5.308524e-01,0.979659,-1.451571e+01,0.983425,2.6168
3.6400,1.82593416e-01,1.22011216e+00,3.09863360e+00,7.47072329e-01,1.22011216e-02,1.04005028e+03,5.29436537e-01,4.06701279e-01,6.93302191e+00,-5.315769e-01,0.979944,-1.453499e+01,0.983639,2.6231
3.6600,1.82105441e-01,1.22256633e+00,3.12202593e+00,7.45483210e-01,1.22256633e-02,1.05748658e+03,5.31220519e-01,4.10368041e-01,6.99522850e+00,-5.322453e-01,0.980230,-1.455269e+01,0.983848,2.6293
3.6800,1.81616513e-01,1.22498322e+00,3.14533925e+00,7.43869010e-01,1.22498322e-02,1.07519336e+03,5.33001907e-01,4.14038506e-01,7.05790215e+00,-5.328387e-01,0.980516,-1.456829e+01,0.984050,2.6354
3.7000,1.81126648e-01,1.22736272e+00,3.16857718e+00,7.42230294e-01,1.22736272e-02,1.09317555e+03,5.34781017e-01,4.17712605e-01,7.12104132e+00,-5.333385e-01,0.980798,-1.458127e+01,0.984242,2.6412
3.7200,1.80635860e-01,1.22970473e+00,3.19174350e+00,7.40567634e-01,1.22970473e-02,1.11143765e+03,5.36558132e-01,4.21390253e-01,7.18464452e+00,-5.337266e-01,0.981075,-1.459116e+01,0.984422,2.6470
3.7400,1.80144166e-01,1.23200916e+00,3.21484212e+00,7.38881615e-01,1.23200916e-02,1.12998376e+03,5.38333506e-01,4.25071348e-01,7.24871038e+00,-5.339859e-01,0.981343,-1.459749e+01,0.984589,2.6525
3.7600,1.79651581e-01,1.23427592e+00,3.23787708e+00,7.37172825e-01,1.23427592e-02,1.14881748e+03,5.40107356e-01,4.28755773e-01,7.31323757e+00,-5.341006e-01,0.981601,-1.459983e+01,0.984740,2.6580
3.7800,1.79158119e-01,1.23650493e+00,3.26085252e+00,7.35441862e-01,1.23650493e-02,1.16794194e+03,5.41879867e-01,4.32443392e-01,7.37822487e+00,-5.340572e-01,0.981847,-1.459781e+01,0.984874,2.6633
3.8000,1.78663797e-01,1.23869613e+00,3.28377267e+00,7.33689327e-01,1.23869613e-02,1.18735973e+03,5.43651188e-01,4.36134054e-01,7.44367112e+00,-5.338440e-01,0.982078,-1.459113e+01,0.984990,2.6685
3.8200,1.78168631e-01,1.24084944e+00,3.30664180e+00,7.31915824e-01,1.24084944e-02,1.20707291e+03,5.45421430e-01,4.39827586e-01,7.50957526e+00,-5.334520e-01,0.982293,-1.457954e+01,0.985089,2.6735
3.8400,1.77672634e-01,1.24296479e+00,3.33151311e+00,7.30209323e-01,1.24296479e-02,1.22708293e+03,5.47190671e-01,4.43523800e-01,7.57595681e+00,-5.328750e-01,0.982492,-1.456289e+01,0.985169,2.6785
3.8600,1.77175824e-01,1.24504215e+00,3.35770721e+00,7.28595529e-01,1.24504215e-02,1.24739069e+03,5.48958950e-01,4.47222485e-01,7.64284902e+00,-5.321093e-01,0.982675,-1.454108e+01,0.985231,2.6833
3.8800,1.76678216e-01,1.24708144e+00,3.38400738e+00,7.26958746e-01,1.24708144e-02,1.26799643e+03,5.50726267e-01,4.50923413e-01,7.71026616e+00,-5.311541e-01,0.982840,-1.451409e+01,0.985277,2.6880
3.9000,1.76179824e-01,1.24908263e+00,3.41041605e+00,7.25299566e-01,1.24908263e-02,1.28889980e+03,5.52492586e-01,4.54626336e-01,7.77821040e+00,-5.300113e-01,0.982990,-1.448199e+01,0.985308,2.6926
3.9200,1.75680665e-01,1.25104566e+00,3.43693552e+00,7.23618584e-01,1.25104566e-02,1.31009977e+03,5.54257832e-01,4.58330983e-01,7.84668391e+00,-5.286852e-01,0.983124,-1.444489e+01,0.985326,2.6971
3.9400,1.75180754e-01,1.25297051e+00,3.46356791e+00,7.21916398e-01,1.25297051e-02,1.33159465e+03,5.56021889e-01,4.62037066e-01,7.91568895e+00,-5.271822e-01,0.983246,-1.440298e+01,0.985332,2.7015
3.9600,1.74680106e-01,1.25485712e+00,3.49031516e+00,7.20193608e-01,1.25485712e-02,1.35338209e+03,5.57784604e-01,4.65744276e-01,7.98522778e+00,-5.255106e-01,0.983355,-1.435649e+01,0.985329,2.7058
3.9800,1.74178738e-01,1.25670547e+00,3.51717901e+00,7.18450813e-01,1.25670547e-02,1.37545907e+03,5.59545784e-01,4.69452282e-01,8.05530272e+00,-5.236804e-01,0.983455,-1.430570e+01,0.985320,2.7100
4.0000,1.73676665e-01,1.25851553e+00,3.54416101e+00,7.16688612e-01,1.25851553e-02,1.39782185e+03,5.61305197e-01,4.73160734e-01,8.12591612e+00,-5.217027e-01,0.983547,-1.425091e+01,0.985307,2.7142
4.0200,1.73173902e-01,1.26028726e+00,3.57126246e+00,7.14907603e-01,1.26028726e-02,1.42046603e+03,5.63062572e-01,4.76869263e-01,8.19707035e+00,-5.195897e-01,0.983634,-1.419246e+01,0.985292,2.7182
4.0400,1.72670465e-01,1.26202063e+00,3.59848441e+00,7.13108382e-01,1.26202063e-02,1.44338653e+03,5.64817596e-01,4.80577478e-01,8.26876782e+00,-5.173539e-01,0.983717,-1.413069e+01,0.985278,2.7221
4.0600,1.72166369e-01,1.26371563e+00,3.62582768e+00,7.11291541e-01,1.26371563e-02,1.46657756e+03,5.66569920e-01,4.84284967e-01,8.34101094e+00,-5.150082e-01,0.983798,-1.406596e+01,0.985266,2.7260
4.0800,1.71661630e-01,1.26537222e+00,3.65329279e+00,7.09457670e-01,1.26537222e-02,1.49003267e+03,5.68319154e-01,4.87991302e-01,8.41380215e+00,-5.125658e-01,0.983880,-1.399862e+01,0.985259,2.7298
4.1000,1.71156264e-01,1.26699038e+00,3.68087998e+00,7.07607353e-01,1.26699038e-02,1.51374474e+03,5.70064871e-01,4.91696031e-01,8.48714388e+00,-5.100393e-01,0.983963,-1.392902e+01,0.985257,2.7335
4.1200,1.70650286e-01,1.26857008e+00,3.70858919e+00,7.05741170e-01,1.26857008e-02,1.53770598e+03,5.71806605e-01,4.95398686e-01,8.56103857e+00,-5.074413e-01,0.984050,-1.385750e+01,0.985264,2.7371
4.1400,1.70143712e-01,1.27011131e+00,3.73642004e+00,7.03874097e-01,1.27011131e-02,1.56190799e+03,5.73543851e-01,4.99098779e-01,8.63548866e+00,-5.047838e-01,0.984141,-1.378440e+01,0.985279,2.7407
4.1600,1.69636556e-01,1.27161403e+00,3.76437184e+00,7.02066905e-01,1.27161403e-02,1.58634170e+03,5.75276068e-01,5.02795801e-01,8.71049658e+00,-5.020780e-01,0.984237,-1.371001e+01,0.985304,2.7442
4.1800,1.69128836e-01,1.27307821e+00,3.79285630e+00,7.00243720e-01,1.27307821e-02,1.61099746e+03,5.77002679e-01,5.06489228e-01,8.78606886e+00,-4.993348e-01,0.984340,-1.363463e+01,0.985339,2.7476
4.2000,1.68620565e-01,1.27450383e+00,3.82220991e+00,6.98405089e-01,1.27450383e-02,1.63586502e+03,5.78723070e-01,5.10178515e-01,8.86221952e+00,-4.965640e-01,0.984450,-1.355854e+01,0.985385,2.7510
4.2200,1.68111761e-01,1.27589087e+00,3.85148003e+00,6.96589904e-01,1.27589087e-02,1.66093356e+03,5.80436591e-01,5.13863099e-01,8.93895642e+00,-4.937749e-01,0.984567,-1.348198e+01,0.985443,2.7543
4.2400,1.67602437e-01,1.27723928e+00,3.88066277e+00,6.94793474e-01,1.27723928e-02,1.68619173e+03,5.82142560e-01,5.17542402e-01,9.01627785e+00,-4.909759e-01,0.984691,-1.340517e+01,0.985512,2.7575
4.2600,1.67092610e-01,1.27854904e+00,3.90975405e+00,6.92981124e-01,1.27854904e-02,1.71162767e+03,5.83840258e-01,5.21215824e-01,9.09418202e+00,-4.881748e-01,0.984824,-1.332834e+01,0.985592,2.7607
4.2800,1.66582296e-01,1.27982011e+00,3.93874957e+00,6.91153411e-01,1.27982011e-02,1.73722901e+03,5.85528937e-01,5.24882751e-01,9.17266705e+00,-4.853785e-01,0.984964,-1.325167e+01,0.985684,2.7638
4.3000,1.66071510e-01,1.28105245e+00,3.96764479e+00,6.89310887e-01,1.28105245e-02,1.76298294e+03,5.87207815e-01,5.28542551e-01,9.25173100e+00,-4.825932e-01,0.985112,-1.317533e+01,0.985787,2.7668
4.3200,1.65560266e-01,1.28224602e+00,3.99643497e+00,6.87454095e-01,1.28224602e-02,1.78887622e+03,5.88876081e-01,5.32194576e-01,9.33137180e+00,-4.798248e-01,0.985267,-1.309947e+01,0.985902,2.7698
4.3400,1.65048582e-01,1.28340077e+00,4.02511514e+00,6.85583575e-01,1.28340077e-02,1.81489519e+03,5.90532895e-01,5.35838160e-01,9.41158730e+00,-4.770780e-01,0.985430,-1.302423e+01,0.986026,2.7727
4.3600,1.64536472e-01,1.28451666e+00,4.05368011e+00,6.83699856e-01,1.28451666e-02,1.84102586e+03,5.92177386e-01,5.39472622e-01,9.49237525e+00,-4.743573e-01,0.985599,-1.294973e+01,0.986161,2.7756
4.3800,1.64023952e-01,1.28559363e+00,4.08212443e+00,6.81803462e-01,1.28559363e-02,1.86725387e+03,5.93808661e-01,5.43097263e-01,9.57373329e+00,-4.716667e-01,0.985775,-1.287608e+01,0.986306,2.7784
4.4000,1.63511037e-01,1.28663162e+00,4.11044246e+00,6.79894908e-01,1.28663162e-02,1.89356459e+03,5.95425798e-01,5.46711369e-01,9.65565896e+00,-4.690095e-01,0.985957,-1.280335e+01,0.986459,2.7812
4.4200,1.62997743e-01,1.28763058e+00,4.13862831e+00,6.77974701e-01,1.28763058e-02,1.91994308e+03,5.97027852e-01,5.50314213e-01,9.73814967e+00,-4.663887e-01,0.986144,-1.273164e+01,0.986621,2.7839
4.4400,1.62484086e-01,1.28859043e+00,4.16712477e+00,6.76043340e-01,1.28859043e-02,1.94637421e+03,5.98613855e-01,5.53905048e-01,9.82120720e+00,-4.638067e-01,0.986337,-1.266102e+01,0.986791,2.7866
4.4600,1.61970080e-01,1.28951112e+00,4.19655070e+00,6.74101314e-01,1.28951112e-02,1.97284261e+03,6.00182820e-01,5.57483113e-01,9.90484396e+00,-4.612658e-01,0.986533,-1.259153e+01,0.986968,2.7892
4.4800,1.61455742e-01,1.29039255e+00,4.22603376e+00,6.72203773e-01,1.29039255e-02,1.99933275e+03,6.01733738e-01,5.61047635e-01,9.98906980e+00,-4.587677e-01,0.986733,-1.252323e+01,0.987152,2.7918
4.5000,1.60941087e-01,1.29123467e+00,4.25556642e+00,6.70310970e-01,1.29123467e-02,2.02582895e+03,6.03265583e-01,5.64597822e-01,1.00738858e+01,-4.563140e-01,0.986937,-1.245616e+01,0.987342,2.7944
4.5200,1.60426131e-01,1.29203737e+00,4.28514072e+00,6.68407191e-01,1.29203737e-02,2.05231543e+03,6.04777313e-01,5.68132869e-01,1.01592929e+01,-4.539059e-01,0.987142,-1.239036e+01,0.987536,2.7968
4.5400,1.59910889e-01,1.29280057e+00,4.31474831e+00,6.67237313e-01,1.29280057e-02,2.07877632e+03,6.06267871e-01,5.71651956e-01,1.02452918e+01,-4.515444e-01,0.987350,-1.232584e+01,0.987735,2.7993
4.5600,1.59395377e-01,1.29352418e+00,4.34438040e+00,6.66582027e-01,1.29352418e-02,2.10519569e+03,6.07736188e-01,5.75154250e-01,1.03318831e+01,-4.492303e-01,0.987558,-1.226264e+01,0.987938,2.8017
4.5800,1.58879610e-01,1.29420810e+00,4.37402782e+00,6.65893347e-01,1.29420810e-02,2.13155760e+03,6.09181181e-01,5.78638903e-01,1.04190671e+01,-4.469641e-01,0.987767,-1.220076e+01,0.988144,2.8040
4.6000,1.58363605e-01,1.29485223e+00,4.40368101e+00,6.65172139e-01,1.29485223e-02,2.15784611e+03,6.10601763e-01,5.82105054e-01,1.05068442e+01,-4.447464e-01,0.987975,-1.214022e+01,0.988351,2.8064
4.6200,1.57847376e-01,1.29545645e+00,4.43333004e+00,6.64419260e-01,1.29545645e-02,2.18404531e+03,6.11996833e-01,5.85551828e-01,1.05952143e+01,-4.425772e-01,0.988182,-1.208102e+01,0.988560,2.8086
4.6400,1.57330940e-01,1.29602066e+00,4.46296460e+00,6.63635564e-01,1.29602066e-02,2.21013934e+03,6.13365289e-01,5.88978338e-01,1.06841773e+01,-4.404568e-01,0.988387,-1.202317e+01,0.988770,2.8109
4.6600,1.56814312e-01,1.29654474e+00,4.49257403e+00,6.62821891e-01,1.29654474e-02,2.23611242e+03,6.14706023e-01,5.92383683e-01,1.07737327e+01,-4.383852e-01,0.988589,-1.196666e+01,0.988979,2.8131
4.6800,1.56297508e-01,1.29702857e+00,4.52214735e+00,6.61979075e-01,1.29702857e-02,2.26194888e+03,6.16017926e-01,5.95766951e-01,1.08638799e+01,-4.363623e-01,0.988788,-1.191149e+01,0.989187,2.8152
4.7000,1.55780545e-01,1.29747202e+00,4.55167322e+00,6.61331090e-01,1.29747202e-02,2.28763316e+03,6.17299887e-01,5.99127219e-01,1.09546181e+01,-4.343878e-01,0.988983,-1.185766e+01,0.989393,2.8173
4.7200,1.55263436e-01,1.29787498e+00,4.58114003e+00,6.60936105e-01,1.29787498e-02,2.31314986e+03,6.18550797e-01,6.02463553e-01,1.10459462e+01,-4.324615e-01,0.989172,-1.180516e+01,0.989596,2.8194
4.7400,1.54746200e-01,1.29823729e+00,4.61053586e+00,6.60506797e-01,1.29823729e-02,2.33848374e+03,6.19769554e-01,6.05775006e-01,1.11378630e+01,-4.305832e-01,0.989356,-1.175398e+01,0.989796,2.8215
4.7600,1.54228851e-01,1.29855884e+00,4.63984852e+00,6.60043949e-01,1.29855884e-02,2.36361974e+03,6.20955055e-01,6.09060625e-01,1.12303668e+01,-4.287523e-01,0.989533,-1.170411e+01,0.989991,2.8235
4.7800,1.53711405e-01,1.29883949e+00,4.66906558e+00,6.59548340e-01,1.29883949e-02,2.38854302e+03,6.22106210e-01,6.12319445e-01,1.13234560e+01,-4.269685e-01,0.989703,-1.165553e+01,0.990181,2.8254
4.8000,1.53193879e-01,1.29907908e+00,4.69817436e+00,6.59020744e-01,1.29907908e-02,2.41323893e+03,6.23221935e-01,6.15550495e-01,1.14171284e+01,-4.252313e-01,0.989865,-1.160824e+01,0.990365,2.8274
4.8200,1.52676289e-01,1.29927750e+00,4.72716199e+00,6.58461930e-01,1.29927750e-02,2.43769309e+03,6.24301158e-01,6.18752795e-01,1.15113817e+01,-4.235402e-01,0.990017,-1.156222e+01,0.990542,2.8293
4.8400,1.52158650e-01,1.29943457e+00,4.75601539e+00,6.57872660e-01,1.29943457e-02,2.46189134e+03,6.25342819e-01,6.21925359e-01,1.16062135e+01,-4.218948e-01,0.990161,-1.151745e+01,0.990711,2.8311
4.8600,1.51640979e-01,1.29955018e+00,4.78472134e+00,6.57253691e-01,1.29955018e-02,2.48581982e+03,6.26345871e-01,6.25067196e-01,1.17016209e+01,-4.202944e-01,0.990294,-1.147392e+01,0.990873,2.8330
4.8800,1.51123291e-01,1.29962416e+00,4.81326645e+00,6.56605773e-01,1.29962416e-02,2.50946492e+03,6.27309287e-01,6.28177308e-01,1.17976007e+01,-4.187386e-01,0.990416,-1.143162e+01,0.991025,2.8348
4.9000,1.50605604e-01,1.29965637e+00,4.84163724e+00,6.55989217e-01,1.29965637e-02,2.53281334e+03,6.28232055e-01,6.31254697e-01,1.18941498e+01,-4.172269e-01,0.990527,-1.139053e+01,0.991167,2.8365
4.9200,1.50087934e-01,1.29964667e+00,4.86982011e+00,6.55350553e-01,1.29964667e-02,2.55585207e+03,6.29113183e-01,6.34298359e-01,1.19912644e+01,-4.157586e-01,0.990626,-1.135063e+01,0.991298,2.8383
4.9400,1.49570296e-01,1.29959490e+00,4.89780141e+00,6.54685644e-01,1.29959490e-02,2.57856844e+03,6.29951699e-01,6.37307291e-01,1.20889406e+01,-4.143334e-01,0.990712,-1.131192e+01,0.991419,2.8400
4.9600,1.49052708e-01,1.29950092e+00,4.92556742e+00,6.53995205e-01,1.29950092e-02,2.60095008e+03,6.30746658e-01,6.40280489e-01,1.21871743e+01,-4.129506e-01,0.990785,-1.127437e+01,0.991528,2.8417
4.9800,1.48535185e-01,1.29936460e+00,4.95310443e+00,6.53279944e-01,1.29936460e-02,2.62298499e+03,6.31497133e-01,6.43216949e-01,1.22859610e+01,-4.116098e-01,0.990845,-1.123797e+01,0.991624,2.8433
5.0000,1.48017745e-01,1.29918577e+00,4.98039871e+00,6.52540561e-01,1.29918577e-02,2.64466148e+03,6.32202229e-01,6.46115670e-01,1.23852960e+01,-4.103105e-01,0.990890,-1.120271e+01,0.991708,2.8449
5.0200,1.47500403e-01,1.29896432e+00,5.00743657e+00,6.51777750e-01,1.29896432e-02,2.66596826e+03,6.32861074e-01,6.48975655e-01,1.24851744e+01,-4.090522e-01,0.990921,-1.116858e+01,0.991779,2.8465
5.0400,1.46983177e-01,1.29870008e+00,5.03420438e+00,6.50992196e-01,1.29870008e-02,2.68689437e+03,6.33472826e-01,6.51795911e-01,1.25855908e+01,-4.078344e-01,0.990938,-1.113556e+01,0.991836,2.8481
5.0600,1.46466083e-01,1.29839294e+00,5.06068857e+00,6.50184579e-01,1.29839294e-02,2.70742923e+03,6.34036673e-01,6.54575452e-01,1.26865397e+01,-4.066568e-01,0.990939,-1.110363e+01,0.991878,2.8496
5.0800,1.45949138e-01,1.29804275e+00,5.08687570e+00,6.49355571e-01,1.29804275e-02,2.72756267e+03,6.34551833e-01,6.57313296e-01,1.27880153e+01,-4.055189e-01,0.990926,-1.107280e+01,0.991907,2.8511
5.1000,1.45432359e-01,1.29764940e+00,5.11275244e+00,6.48505835e-01,1.29764940e-02,2.74728487e+03,6.35017558e-01,6.60008475e-01,1.28900116e+01,-4.044202e-01,0.990897,-1.104303e+01,0.991921,2.8525
5.1200,1.44915762e-01,1.29721275e+00,5.13830562e+00,6.47636030e-01,1.29721275e-02,2.76658644e+03,6.35433132e-01,6.62660027e-01,1.29925222e+01,-4.033605e-01,0.990853,-1.101434e+01,0.991920,2.8540
5.1400,1.44399364e-01,1.29673269e+00,5.16352225e+00,6.46835171e-01,1.29673269e-02,2.78545836e+03,6.35797873e-01,6.65267003e-01,1.30955405e+01,-4.023393e-01,0.990794,-1.098669e+01,0.991903,2.8554
5.1600,1.43883182e-01,1.29620910e+00,5.18838952e+00,6.46317586e-01,1.29620910e-02,2.80389204e+03,6.36111136e-01,6.67828467e-01,1.31990596e+01,-4.013563e-01,0.990719,-1.096009e+01,0.991872,2.8568
5.1800,1.43367234e-01,1.29564188e+00,5.21289486e+00,6.45774170e-01,1.29564188e-02,2.82187930e+03,6.36372311e-01,6.70343495e-01,1.33030724e+01,-4.004111e-01,0.990629,-1.093452e+01,0.991826,2.8581
5.2000,1.42851536e-01,1.29503093e+00,5.23702593e+00,6.45205555e-01,1.29503093e-02,2.83941237e+03,6.36580824e-01,6.72811181e-01,1.34075717e+01,-3.995033e-01,0.990523,-1.090997e+01,0.991764,2.8595
5.2200,1.42336105e-01,1.29437614e+00,5.26077067e+00,6.44612371e-01,1.29437614e-02,2.85648391e+03,6.36736142e-01,6.75230634e-01,1.35125496e+01,-3.986327e-01,0.990403,-1.088644e+01,0.991687,2.8608
5.2400,1.41820959e-01,1.29367744e+00,5.28411729e+00,6.43995241e-01,1.29367744e-02,2.87308700e+03,6.36837765e-01,6.77600982e-01,1.36179985e+01,-3.977988e-01,0.990267,-1.086390e+01,0.991595,2.8621
5.2600,1.41306114e-01,1.29293473e+00,5.30705429e+00,6.43354783e-01,1.29293473e-02,2.88921515e+03,6.36885238e-01,6.79921370e-01,1.37239102e+01,-3.970014e-01,0.990117,-1.084236e+01,0.991487,2.8633
5.2800,1.40791588e-01,1.29214796e+00,5.32957051e+00,6.42691612e-01,1.29214796e-02,2.90486230e+03,6.36878141e-01,6.82190967e-01,1.38302765e+01,-3.962401e-01,0.989952,-1.082180e+01,0.991365,2.8645
5.3000,1.40277398e-01,1.29131704e+00,5.35165511e+00,6.42006335e-01,1.29131704e-02,2.92002284e+03,6.36816095e-01,6.84408958e-01,1.39370887e+01,-3.955146e-01,0.989773,-1.080222e+01,0.991228,2.8657
5.3200,1.39763562e-01,1.29044192e+00,5.37329762e+00,6.41299557e-01,1.29044192e-02,2.93469158e+03,6.36698762e-01,6.86574557e-01,1.40443382e+01,-3.948246e-01,0.989581,-1.078360e+01,0.991076,2.8669
5.3400,1.39250096e-01,1.28952256e+00,5.39448793e+00,6.40571874e-01,1.28952256e-02,2.94886377e+03,6.36525843e-01,6.88686995e-01,1.41520161e+01,-3.941697e-01,0.989375,-1.076593e+01,0.990910,2.8681
5.3600,1.38737018e-01,1.28855892e+00,5.41521629e+00,6.39823881e-01,1.28855892e-02,2.96253510e+03,6.36297080e-01,6.90745534e-01,1.42601131e+01,-3.935496e-01,0.989155,-1.074921e+01,0.990731,2.8692
5.3800,1.38224345e-01,1.28755096e+00,5.43547338e+00,6.39056164e-01,1.28755096e-02,2.97570171e+03,6.36012256e-01,6.92749456e-01,1.43686200e+01,-3.929640e-01,0.988923,-1.073342e+01,0.990537,2.8703
5.4000,1.37712094e-01,1.28649866e+00,5.45525025e+00,6.38269303e-01,1.28649866e-02,2.98836015e+03,6.35671195e-01,6.94698073e-01,1.44775273e+01,-3.924124e-01,0.988679,-1.071856e+01,0.990330,2.8714
5.4200,1.37200284e-01,1.28540202e+00,5.47453839e+00,6.37463875e-01,1.28540202e-02,3.00050743e+03,6.35273761e-01,6.96590724e-01,1.45868252e+01,-3.918946e-01,0.988423,-1.070461e+01,0.990110,2.8725
5.4400,1.36688930e-01,1.28426102e+00,5.49332970e+00,6.36640448e-01,1.28426102e-02,3.01214099e+03,6.34819857e-01,6.98426774e-01,1.46965038e+01,-3.914103e-01,0.988156,-1.069157e+01,0.989877,2.8735
5.4600,1.36178052e-01,1.28307569e+00,5.51161652e+00,6.35799586e-01,1.28307569e-02,3.02325870e+03,6.34309430e-01,7.00205619e-01,1.48065533e+01,-3.909591e-01,0.987878,-1.067942e+01,0.989632,2.8745
5.4800,1.35667665e-01,1.28184603e+00,5.52939162e+00,6.34941846e-01,1.28184603e-02,3.03385886e+03,6.33742464e-01,7.01926683e-01,1.49169634e+01,-3.905406e-01,0.987590,-1.066817e+01,0.989375,2.8755
5.5000,1.35157788e-01,1.28057208e+00,5.54664821e+00,6.34067778e-01,1.28057208e-02,3.04394020e+03,6.33118983e-01,7.03589422e-01,1.50277238e+01,-3.901546e-01,0.987292,-1.065779e+01,0.989107,2.8765
5.5200,1.34648438e-01,1.27925389e+00,5.56337996e+00,6.33177926e-01,1.27925389e-02,3.05350187e+03,6.32439052e-01,7.05193320e-01,1.51388241e+01,-3.898007e-01,0.986984,-1.064827e+01,0.988828,2.8774
5.5400,1.34139632e-01,1.27789149e+00,5.57958099e+00,6.32272828e-01,1.27789149e-02,3.06254343e+03,6.31702774e-01,7.06737894e-01,1.52502537e+01,-3.894786e-01,0.986668,-1.063962e+01,0.988538,2.8783
5.5600,1.33631387e-01,1.27648496e+00,5.59524586e+00,6.31353015e-01,1.27648496e-02,3.07106485e+03,6.30910290e-01,7.08222692e-01,1.53620019e+01,-3.891882e-01,0.986344,-1.063182e+01,0.988239,2.8792
5.5800,1.33123722e-01,1.27503437e+00,5.61036959e+00,6.30419009e-01,1.27503437e-02,3.07906652e+03,6.30061779e-01,7.09647295e-01,1.54740581e+01,-3.889289e-01,0.986012,-1.062487e+01,0.987929,2.8801
5.6000,1.32616652e-01,1.27353980e+00,5.62494767e+00,6.29471327e-01,1.27353980e-02,3.08654921e+03,6.29157458e-01,7.11011313e-01,1.55864113e+01,-3.887008e-01,0.985673,-1.061875e+01,0.987611,2.8810
5.6200,1.32110197e-01,1.27200134e+00,5.63897601e+00,6.28510480e-01,1.27200134e-02,3.09351409e+03,6.28197581e-01,7.12314391e-01,1.56990505e+01,-3.885034e-01,0.985328,-1.061346e+01,0.987285,2.8818
5.6400,1.31604372e-01,1.27041912e+00,5.65245099e+00,6.27536968e-01,1.27041912e-02,3.09996271e+03,6.27182436e-01,7.13556206e-01,1.58119648e+01,-3.883367e-01,0.984976,-1.060900e+01,0.986950,2.8827
5.6600,1.31099195e-01,1.26879324e+00,5.66536944e+00,6.26551286e-01,1.26879324e-02,3.10589699e+03,6.26112348e-01,7.14736468e-01,1.59251430e+01,-3.882005e-01,0.984620,-1.060537e+01,0.986608,2.8835
5.6800,1.30594683e-01,1.26712384e+00,5.67772863e+00,6.25553922e-01,1.26712384e-02,3.11131921e+03,6.24987675e-01,7.15854919e-01,1.60385740e+01,-3.880946e-01,0.984258,-1.060255e+01,0.986259,2.8842
5.7000,1.30090854e-01,1.26541106e+00,5.68952626e+00,6.24545355e-01,1.26541106e-02,3.11623202e+03,6.23808809e-01,7.16911333e-01,1.61522465e+01,-3.880190e-01,0.983892,-1.060054e+01,0.985903,2.8850
5.7200,1.29587725e-01,1.26365505e+00,5.70076047e+00,6.23526056e-01,1.26365505e-02,3.12063838e+03,6.22576176e-01,7.17905518e-01,1.62661494e+01,-3.879736e-01,0.983522,-1.059935e+01,0.985542,2.8857
5.7400,1.29085311e-01,1.26185599e+00,5.71142983e+00,6.22496488e-01,1.26185599e-02,3.12454161e+03,6.21290233e-01,7.18837314e-01,1.63802713e+01,-3.879584e-01,0.983148,-1.059897e+01,0.985175,2.8865
5.7600,1.28583632e-01,1.26001404e+00,5.72153333e+00,6.21457108e-01,1.26001404e-02,3.12794535e+03,6.19951466e-01,7.19706592e-01,1.64946009e+01,-3.879734e-01,0.982772,-1.059941e+01,0.984802,2.8872
5.7800,1.28082703e-01,1.25812940e+00,5.73107036e+00,6.20408361e-01,1.25812940e-02,3.13085352e+03,6.18560393e-01,7.20513258e-01,1.66091270e+01,-3.880187e-01,0.982393,-1.060066e+01,0.984426,2.8879
5.8000,1.27582541e-01,1.25620226e+00,5.74004073e+00,6.19398449e-01,1.25620226e-02,3.13327038e+03,6.17117562e-01,7.21257247e-01,1.67238381e+01,-3.880943e-01,0.982013,-1.060272e+01,0.984045,2.8885
5.8200,1.27083163e-01,1.25423284e+00,5.74844463e+00,6.18531689e-01,1.25423284e-02,3.13520043e+03,6.15623545e-01,7.21938527e-01,1.68387229e+01,-3.882003e-01,0.981631,-1.060561e+01,0.983661,2.8892
5.8400,1.26584586e-01,1.25222136e+00,5.75628265e+00,6.17650295e-01,1.25222136e-02,3.13664847e+03,6.14078945e-01,7.22557096e-01,1.69537702e+01,-3.883369e-01,0.981249,-1.060932e+01,0.983274,2.8898
5.8600,1.26086826e-01,1.25016806e+00,5.76355576e+00,6.16754736e-01,1.25016806e-02,3.13761955e+03,6.12484388e-01,7.23112985e-01,1.70689686e+01,-3.885043e-01,0.980867,-1.061386e+01,0.982884,2.8904
5.8800,1.25589900e-01,1.24807318e+00,5.77026529e+00,6.15845473e-01,1.24807318e-02,3.13811895e+03,6.10840527e-01,7.23606252e-01,1.71843068e+01,-3.887026e-01,0.980484,-1.061924e+01,0.982493,2.8910
5.9000,1.25093825e-01,1.24593697e+00,5.77641292e+00,6.14922961e-01,1.24593697e-02,3.13815222e+03,6.09148037e-01,7.24036989e-01,1.72997736e+01,-3.889321e-01,0.980103,-1.062545e+01,0.982101,2.8916
5.9200,1.24598616e-01,1.24375971e+00,5.78200070e+00,6.13987646e-01,1.24375971e-02,3.13772509e+03,6.07407616e-01,7.24405315e-01,1.74153577e+01,-3.891929e-01,0.979724,-1.063251e+01,0.981708,2.8922
5.9400,1.24104290e-01,1.24154168e+00,5.78703100e+00,6.13039969e-01,1.24154168e-02,3.13684351e+03,6.05619985e-01,7.24711378e-01,1.75310480e+01,-3.894854e-01,0.979346,-1.064042e+01,0.981316,2.8927
5.9600,1.23610864e-01,1.23928316e+00,5.79150652e+00,6.12080361e-01,1.23928316e-02,3.13551363e+03,6.03785885e-01,7.24955355e-01,1.76468334e+01,-3.898096e-01,0.978972,-1.064919e+01,0.980924,2.8933
5.9800,1.23118352e-01,1.23698445e+00,5.79543027e+00,6.11109247e-01,1.23698445e-02,3.13374177e+03,6.01906074e-01,7.25137450e-01,1.77627028e+01,-3.901659e-01,0.978601,-1.065883e+01,0.980535,2.8938
6.0000,1.22626771e-01,1.23464587e+00,5.79880560e+00,6.10127043e-01,1.23464587e-02,3.13153443e+03,5.99981331e-01,7.25257896e-01,1.78786451e+01,-3.905545e-01,0.978235,-1.066933e+01,0.980148,2.8943
